Reference,DOI,Host,Genus,Species,Medium,Source
Bengtsson et al. 2011,10.3354/ame01477,Laminaria hyperborea,Loktanella,agnita,"alginate, fucoidan, mannitol","Table 1, Figure 3"
Bengtsson et al. 2011,10.3354/ame01477,Laminaria hyperborea,Tateyamaria,omphalii/pelophila,"alginate, fucoidan, laminaran, mannitol ","Table 1, Figure 3"
Bengtsson et al. 2011,10.3354/ame01477,Laminaria hyperborea,Roseobacter,NA,"alginate, fucoidan, laminaran, mannitol ","Table 1, Figure 3"
Bengtsson et al. 2011,10.3354/ame01477,Laminaria hyperborea,Phaeobacter,arcticus,"alginate, fucoidan, mannitol","Table 1, Figure 3"
Bengtsson et al. 2011,10.3354/ame01477,Laminaria hyperborea,Jannaschia,donghaensis,"fucoidan, mannitol","Table 1, Figure 3"
Bengtsson et al. 2011,10.3354/ame01477,Laminaria hyperborea,NA,NA,"alginate, fucoidan, mannitol","Table 1, Figure 3"
Bengtsson et al. 2011,10.3354/ame01477,Laminaria hyperborea,Labrenzia,alba,"laminaran, mannitol","Table 1, Figure 3"
Bengtsson et al. 2011,10.3354/ame01477,Laminaria hyperborea,Blastochloris,viridis,mannitol,"Table 1, Figure 3"
Bengtsson et al. 2011,10.3354/ame01477,Laminaria hyperborea,Erythrobacter,longus,"alginate, fucoidan","Table 1, Figure 3"
Bengtsson et al. 2011,10.3354/ame01477,Laminaria hyperborea,Altererythrobacter,indicus,"alginate, laminaran, mannitol","Table 1, Figure 3"
Bengtsson et al. 2011,10.3354/ame01477,Laminaria hyperborea,Croceicoccus,marinus,alginate,"Table 1, Figure 3"
Bengtsson et al. 2011,10.3354/ame01477,Laminaria hyperborea,NA,NA,alginate,"Table 1, Figure 3"
Bengtsson et al. 2011,10.3354/ame01477,Laminaria hyperborea,Granulosicoccus,antarcticus,mannitol,"Table 1, Figure 3"
Bengtsson et al. 2011,10.3354/ame01477,Laminaria hyperborea,Bacillus,NA,fucoidan,"Table 1, Figure 3"
Salaün et al. 2012,10.1007/s00248-012-0048-4,Laminaria digitata,Curtobacterium,NA,"ZoBell agar, mannitol","Table 1, Text"
Salaün et al. 2012,10.1007/s00248-012-0048-4,Laminaria digitata,Arthrobacter,NA,"ZoBell agar, mannitol","Table 1, Text"
Salaün et al. 2012,10.1007/s00248-012-0048-4,Laminaria digitata,Pseudomonas,NA,"ZoBell agar, mannitol","Table 1, Text"
Salaün et al. 2012,10.1007/s00248-012-0048-4,Laminaria digitata,Agrococcus,NA,"ZoBell agar, mannitol","Table 1, Text"
Salaün et al. 2012,10.1007/s00248-012-0048-4,Laminaria digitata,Cobetia,NA,"ZoBell agar, mannitol","Table 1, Text"
Salaün et al. 2012,10.1007/s00248-012-0048-4,Laminaria digitata,Pseudoalteromonas,NA,"ZoBell agar, mannitol","Table 1, Text"
Salaün et al. 2012,10.1007/s00248-012-0048-4,Laminaria digitata,Paracoccus,NA,"ZoBell agar, mannitol","Table 1, Text"
Salaün et al. 2012,10.1007/s00248-012-0048-4,Laminaria digitata,Algibacter,NA,"ZoBell agar, mannitol","Table 1, Text"
Salaün et al. 2012,10.1007/s00248-012-0048-4,Laminaria digitata,Cellulophaga,NA,"ZoBell agar, mannitol","Table 1, Text"
Salaün et al. 2012,10.1007/s00248-012-0048-4,Laminaria digitata,Algibacter,NA,"ZoBell agar, mannitol","Table 1, Text"
Salaün et al. 2012,10.1007/s00248-012-0048-4,Laminaria digitata,Curtobacterium,NA,"ZoBell agar, mannitol","Table 1, Text"
Salaün et al. 2012,10.1007/s00248-012-0048-4,Laminaria digitata,Kocuria,NA,"ZoBell agar, mannitol","Table 1, Text"
Salaün et al. 2012,10.1007/s00248-012-0048-4,Laminaria digitata,Paracoccus,NA,"ZoBell agar, mannitol","Table 1, Text"
Salaün et al. 2012,10.1007/s00248-012-0048-4,Laminaria digitata,Rhodococcus,NA,"ZoBell agar, mannitol","Table 1, Text"
Salaün et al. 2012,10.1007/s00248-012-0048-4,Laminaria digitata,Pseudoalteromonas,NA,"ZoBell agar, mannitol","Table 1, Text"
Salaün et al. 2012,10.1007/s00248-012-0048-4,Laminaria digitata,Pseudoalteromonas,NA,"ZoBell agar, mannitol","Table 1, Text"
Salaün et al. 2012,10.1007/s00248-012-0048-4,Laminaria digitata,Pseudoalteromonas,NA,"ZoBell agar, mannitol","Table 1, Text"
Salaün et al. 2012,10.1007/s00248-012-0048-4,Laminaria digitata,Pseudoalteromonas,NA,"ZoBell agar, mannitol","Table 1, Text"
Salaün et al. 2012,10.1007/s00248-012-0048-4,Laminaria digitata,Vibrio,vulnificus,"ZoBell agar, mannitol","Table 1, Text"
Salaün et al. 2012,10.1007/s00248-012-0048-4,Laminaria digitata,Algibacter,NA,"ZoBell agar, mannitol","Table 1, Text"
Salaün et al. 2012,10.1007/s00248-012-0048-4,Laminaria digitata,Paracoccus,NA,"ZoBell agar, mannitol","Table 1, Text"
Salaün et al. 2012,10.1007/s00248-012-0048-4,Laminaria digitata,Bacillus,NA,"ZoBell agar, mannitol","Table 1, Text"
Salaün et al. 2012,10.1007/s00248-012-0048-4,Laminaria digitata,Pseudoalteromonas,NA,"ZoBell agar, mannitol","Table 1, Text"
Salaün et al. 2012,10.1007/s00248-012-0048-4,Laminaria digitata,Pseudoalteromonas,NA,"ZoBell agar, mannitol","Table 1, Text"
Salaün et al. 2012,10.1007/s00248-012-0048-4,Laminaria digitata,Pseudoalteromonas,NA,"ZoBell agar, mannitol","Table 1, Text"
Salaün et al. 2012,10.1007/s00248-012-0048-4,Laminaria digitata,Pseudoalteromonas,carrageenovora,"ZoBell agar, mannitol","Table 1, Text"
Salaün et al. 2012,10.1007/s00248-012-0048-4,Laminaria digitata,Pseudoalteromonas,haloplanktis,"ZoBell agar, mannitol","Table 1, Text"
Salaün et al. 2012,10.1007/s00248-012-0048-4,Laminaria digitata,Cobetia,marina,"ZoBell agar, mannitol","Table 1, Text"
Salaün et al. 2012,10.1007/s00248-012-0048-4,Laminaria digitata,Zobellia,galactanivorans,"ZoBell agar, mannitol","Table 1, Text"
Bengtsson & Øvreås 2010,10.1186/1471-2180-10-261,Laminaria hyperborea,Rhodopirellula,baltica,M30 gellan,Text
Ivanova et al. 2004,10.1099/ijs.0.02867-0,Fucus distichus subsp. evanescens,Brevibacterium,casei/celere,B agar,Text
Goecke et al. 2010,10.3354/meps08607,"Acrosiphonia sonderi, Ulva fenestrata, Fucus distichus subsp. evanescens, Fucus serratus, Kjellmaniella crassifolia, Saccharina japonica, Lessonia, Undaria pinnatifida etc.",Acinetobacter,NA,agar,"Table 1, 2"
Goecke et al. 2010,10.3354/meps08607,"Acrosiphonia sonderi, Ulva fenestrata, Fucus distichus subsp. evanescens, Fucus serratus, Kjellmaniella crassifolia, Saccharina japonica, Lessonia, Undaria pinnatifida etc.",Agarivorans,NA,agar,"Table 1, 2"
Goecke et al. 2010,10.3354/meps08607,"Acrosiphonia sonderi, Ulva fenestrata, Fucus distichus subsp. evanescens, Fucus serratus, Kjellmaniella crassifolia, Saccharina japonica, Lessonia, Undaria pinnatifida etc.",Alterococcus,NA,agar,"Table 1, 2"
Goecke et al. 2010,10.3354/meps08607,"Acrosiphonia sonderi, Ulva fenestrata, Fucus distichus subsp. evanescens, Fucus serratus, Kjellmaniella crassifolia, Saccharina japonica, Lessonia, Undaria pinnatifida etc.",Alteromonas,NA,agar,"Table 1, 2"
Goecke et al. 2010,10.3354/meps08607,"Acrosiphonia sonderi, Ulva fenestrata, Fucus distichus subsp. evanescens, Fucus serratus, Kjellmaniella crassifolia, Saccharina japonica, Lessonia, Undaria pinnatifida etc.",Bacillus,NA,agar,"Table 1, 2"
Goecke et al. 2010,10.3354/meps08607,"Acrosiphonia sonderi, Ulva fenestrata, Fucus distichus subsp. evanescens, Fucus serratus, Kjellmaniella crassifolia, Saccharina japonica, Lessonia, Undaria pinnatifida etc.",Cellulophaga,baltica,agar,"Table 1, 2"
Goecke et al. 2010,10.3354/meps08607,"Acrosiphonia sonderi, Ulva fenestrata, Fucus distichus subsp. evanescens, Fucus serratus, Kjellmaniella crassifolia, Saccharina japonica, Lessonia, Undaria pinnatifida etc.",Cellulophaga,fucicola,agar,"Table 1, 2"
Goecke et al. 2010,10.3354/meps08607,"Acrosiphonia sonderi, Ulva fenestrata, Fucus distichus subsp. evanescens, Fucus serratus, Kjellmaniella crassifolia, Saccharina japonica, Lessonia, Undaria pinnatifida etc.",Cytophaga,NA,agar,"Table 1, 2"
Goecke et al. 2010,10.3354/meps08607,"Acrosiphonia sonderi, Ulva fenestrata, Fucus distichus subsp. evanescens, Fucus serratus, Kjellmaniella crassifolia, Saccharina japonica, Lessonia, Undaria pinnatifida etc.",Flavobacterium,NA,agar,"Table 1, 2"
Goecke et al. 2010,10.3354/meps08607,"Acrosiphonia sonderi, Ulva fenestrata, Fucus distichus subsp. evanescens, Fucus serratus, Kjellmaniella crassifolia, Saccharina japonica, Lessonia, Undaria pinnatifida etc.",Glaciecola,agarilytica,agar,"Table 1, 2"
Goecke et al. 2010,10.3354/meps08607,"Acrosiphonia sonderi, Ulva fenestrata, Fucus distichus subsp. evanescens, Fucus serratus, Kjellmaniella crassifolia, Saccharina japonica, Lessonia, Undaria pinnatifida etc.",Marinilabilia,NA,agar,"Table 1, 2"
Goecke et al. 2010,10.3354/meps08607,"Acrosiphonia sonderi, Ulva fenestrata, Fucus distichus subsp. evanescens, Fucus serratus, Kjellmaniella crassifolia, Saccharina japonica, Lessonia, Undaria pinnatifida etc.",Microbulbifer,NA,agar,"Table 1, 2"
Goecke et al. 2010,10.3354/meps08607,"Acrosiphonia sonderi, Ulva fenestrata, Fucus distichus subsp. evanescens, Fucus serratus, Kjellmaniella crassifolia, Saccharina japonica, Lessonia, Undaria pinnatifida etc.",Microscilla,NA,agar,"Table 1, 2"
Goecke et al. 2010,10.3354/meps08607,"Acrosiphonia sonderi, Ulva fenestrata, Fucus distichus subsp. evanescens, Fucus serratus, Kjellmaniella crassifolia, Saccharina japonica, Lessonia, Undaria pinnatifida etc.",Phycisphaera,mikurensis,agar,"Table 1, 2"
Goecke et al. 2010,10.3354/meps08607,"Acrosiphonia sonderi, Ulva fenestrata, Fucus distichus subsp. evanescens, Fucus serratus, Kjellmaniella crassifolia, Saccharina japonica, Lessonia, Undaria pinnatifida etc.",Pseudoalteromonas,agarivorans,agar,"Table 1, 2"
Goecke et al. 2010,10.3354/meps08607,"Acrosiphonia sonderi, Ulva fenestrata, Fucus distichus subsp. evanescens, Fucus serratus, Kjellmaniella crassifolia, Saccharina japonica, Lessonia, Undaria pinnatifida etc.",Pseudoalteromonas,antarctica,agar,"Table 1, 2"
Goecke et al. 2010,10.3354/meps08607,"Acrosiphonia sonderi, Ulva fenestrata, Fucus distichus subsp. evanescens, Fucus serratus, Kjellmaniella crassifolia, Saccharina japonica, Lessonia, Undaria pinnatifida etc.",Pseudoalteromonas,gracilis,agar,"Table 1, 2"
Goecke et al. 2010,10.3354/meps08607,"Acrosiphonia sonderi, Ulva fenestrata, Fucus distichus subsp. evanescens, Fucus serratus, Kjellmaniella crassifolia, Saccharina japonica, Lessonia, Undaria pinnatifida etc.",Pseudomonas,atlantica,agar,"Table 1, 2"
Goecke et al. 2010,10.3354/meps08607,"Acrosiphonia sonderi, Ulva fenestrata, Fucus distichus subsp. evanescens, Fucus serratus, Kjellmaniella crassifolia, Saccharina japonica, Lessonia, Undaria pinnatifida etc.",Persicobacter,NA,agar,"Table 1, 2"
Goecke et al. 2010,10.3354/meps08607,"Acrosiphonia sonderi, Ulva fenestrata, Fucus distichus subsp. evanescens, Fucus serratus, Kjellmaniella crassifolia, Saccharina japonica, Lessonia, Undaria pinnatifida etc.",Pseudozobellia,thermophila,agar,"Table 1, 2"
Goecke et al. 2010,10.3354/meps08607,"Acrosiphonia sonderi, Ulva fenestrata, Fucus distichus subsp. evanescens, Fucus serratus, Kjellmaniella crassifolia, Saccharina japonica, Lessonia, Undaria pinnatifida etc.",Saccharophagus,NA,agar,"Table 1, 2"
Goecke et al. 2010,10.3354/meps08607,"Acrosiphonia sonderi, Ulva fenestrata, Fucus distichus subsp. evanescens, Fucus serratus, Kjellmaniella crassifolia, Saccharina japonica, Lessonia, Undaria pinnatifida etc.",Thalassomonas,NA,agar,"Table 1, 2"
Goecke et al. 2010,10.3354/meps08607,"Acrosiphonia sonderi, Ulva fenestrata, Fucus distichus subsp. evanescens, Fucus serratus, Kjellmaniella crassifolia, Saccharina japonica, Lessonia, Undaria pinnatifida etc.",Vibrio,NA,agar,"Table 1, 2"
Goecke et al. 2010,10.3354/meps08607,"Acrosiphonia sonderi, Ulva fenestrata, Fucus distichus subsp. evanescens, Fucus serratus, Kjellmaniella crassifolia, Saccharina japonica, Lessonia, Undaria pinnatifida etc.",Zobellia,galactanivorans,agar,"Table 1, 2"
Goecke et al. 2010,10.3354/meps08607,"Acrosiphonia sonderi, Ulva fenestrata, Fucus distichus subsp. evanescens, Fucus serratus, Kjellmaniella crassifolia, Saccharina japonica, Lessonia, Undaria pinnatifida etc.",Zobellia,laminariae,agar,"Table 1, 2"
Goecke et al. 2010,10.3354/meps08607,"Acrosiphonia sonderi, Ulva fenestrata, Fucus distichus subsp. evanescens, Fucus serratus, Kjellmaniella crassifolia, Saccharina japonica, Lessonia, Undaria pinnatifida etc.",Zobellia,russellii,agar,"Table 1, 2"
Goecke et al. 2010,10.3354/meps08607,"Acrosiphonia sonderi, Ulva fenestrata, Fucus distichus subsp. evanescens, Fucus serratus, Kjellmaniella crassifolia, Saccharina japonica, Lessonia, Undaria pinnatifida etc.",Alteromonas,fortis,carrageenan,"Table 1, 2"
Goecke et al. 2010,10.3354/meps08607,"Acrosiphonia sonderi, Ulva fenestrata, Fucus distichus subsp. evanescens, Fucus serratus, Kjellmaniella crassifolia, Saccharina japonica, Lessonia, Undaria pinnatifida etc.",Cytophaga,drobachiensis,carrageenan,"Table 1, 2"
Goecke et al. 2010,10.3354/meps08607,"Acrosiphonia sonderi, Ulva fenestrata, Fucus distichus subsp. evanescens, Fucus serratus, Kjellmaniella crassifolia, Saccharina japonica, Lessonia, Undaria pinnatifida etc.",Marinilabilia,NA,carrageenan,"Table 1, 2"
Goecke et al. 2010,10.3354/meps08607,"Acrosiphonia sonderi, Ulva fenestrata, Fucus distichus subsp. evanescens, Fucus serratus, Kjellmaniella crassifolia, Saccharina japonica, Lessonia, Undaria pinnatifida etc.",Microbulbifer,NA,carrageenan,"Table 1, 2"
Goecke et al. 2010,10.3354/meps08607,"Acrosiphonia sonderi, Ulva fenestrata, Fucus distichus subsp. evanescens, Fucus serratus, Kjellmaniella crassifolia, Saccharina japonica, Lessonia, Undaria pinnatifida etc.",Microbulbifer,elongates,carrageenan,"Table 1, 2"
Goecke et al. 2010,10.3354/meps08607,"Acrosiphonia sonderi, Ulva fenestrata, Fucus distichus subsp. evanescens, Fucus serratus, Kjellmaniella crassifolia, Saccharina japonica, Lessonia, Undaria pinnatifida etc.",Pseudoalteromonas,carrageenovora,carrageenan,"Table 1, 2"
Goecke et al. 2010,10.3354/meps08607,"Acrosiphonia sonderi, Ulva fenestrata, Fucus distichus subsp. evanescens, Fucus serratus, Kjellmaniella crassifolia, Saccharina japonica, Lessonia, Undaria pinnatifida etc.",Zobellia,galactanivorans,carrageenan,"Table 1, 2"
Goecke et al. 2010,10.3354/meps08607,"Acrosiphonia sonderi, Ulva fenestrata, Fucus distichus subsp. evanescens, Fucus serratus, Kjellmaniella crassifolia, Saccharina japonica, Lessonia, Undaria pinnatifida etc.",Alcaligenes,NA,alginate,"Table 1, 2"
Goecke et al. 2010,10.3354/meps08607,"Acrosiphonia sonderi, Ulva fenestrata, Fucus distichus subsp. evanescens, Fucus serratus, Kjellmaniella crassifolia, Saccharina japonica, Lessonia, Undaria pinnatifida etc.",Alginomonas,NA,alginate,"Table 1, 2"
Goecke et al. 2010,10.3354/meps08607,"Acrosiphonia sonderi, Ulva fenestrata, Fucus distichus subsp. evanescens, Fucus serratus, Kjellmaniella crassifolia, Saccharina japonica, Lessonia, Undaria pinnatifida etc.",Alginovibrio,aquatilis,alginate,"Table 1, 2"
Goecke et al. 2010,10.3354/meps08607,"Acrosiphonia sonderi, Ulva fenestrata, Fucus distichus subsp. evanescens, Fucus serratus, Kjellmaniella crassifolia, Saccharina japonica, Lessonia, Undaria pinnatifida etc.",Alteromonas,atlantica,alginate,"Table 1, 2"
Goecke et al. 2010,10.3354/meps08607,"Acrosiphonia sonderi, Ulva fenestrata, Fucus distichus subsp. evanescens, Fucus serratus, Kjellmaniella crassifolia, Saccharina japonica, Lessonia, Undaria pinnatifida etc.",Alteromonas,carrageenovora,alginate,"Table 1, 2"
Goecke et al. 2010,10.3354/meps08607,"Acrosiphonia sonderi, Ulva fenestrata, Fucus distichus subsp. evanescens, Fucus serratus, Kjellmaniella crassifolia, Saccharina japonica, Lessonia, Undaria pinnatifida etc.",Alteromonas,NA,alginate,"Table 1, 2"
Goecke et al. 2010,10.3354/meps08607,"Acrosiphonia sonderi, Ulva fenestrata, Fucus distichus subsp. evanescens, Fucus serratus, Kjellmaniella crassifolia, Saccharina japonica, Lessonia, Undaria pinnatifida etc.",Cytophaga,diffluens,alginate,"Table 1, 2"
Goecke et al. 2010,10.3354/meps08607,"Acrosiphonia sonderi, Ulva fenestrata, Fucus distichus subsp. evanescens, Fucus serratus, Kjellmaniella crassifolia, Saccharina japonica, Lessonia, Undaria pinnatifida etc.",Deleya,marina,alginate,"Table 1, 2"
Goecke et al. 2010,10.3354/meps08607,"Acrosiphonia sonderi, Ulva fenestrata, Fucus distichus subsp. evanescens, Fucus serratus, Kjellmaniella crassifolia, Saccharina japonica, Lessonia, Undaria pinnatifida etc.",Flavobacterium,NA,alginate,"Table 1, 2"
Goecke et al. 2010,10.3354/meps08607,"Acrosiphonia sonderi, Ulva fenestrata, Fucus distichus subsp. evanescens, Fucus serratus, Kjellmaniella crassifolia, Saccharina japonica, Lessonia, Undaria pinnatifida etc.",Glaciecola,NA,alginate,"Table 1, 2"
Goecke et al. 2010,10.3354/meps08607,"Acrosiphonia sonderi, Ulva fenestrata, Fucus distichus subsp. evanescens, Fucus serratus, Kjellmaniella crassifolia, Saccharina japonica, Lessonia, Undaria pinnatifida etc.",Gracilibacillus,NA,alginate,"Table 1, 2"
Goecke et al. 2010,10.3354/meps08607,"Acrosiphonia sonderi, Ulva fenestrata, Fucus distichus subsp. evanescens, Fucus serratus, Kjellmaniella crassifolia, Saccharina japonica, Lessonia, Undaria pinnatifida etc.",Gracilibacillus,halotolerans,alginate,"Table 1, 2"
Goecke et al. 2010,10.3354/meps08607,"Acrosiphonia sonderi, Ulva fenestrata, Fucus distichus subsp. evanescens, Fucus serratus, Kjellmaniella crassifolia, Saccharina japonica, Lessonia, Undaria pinnatifida etc.",Halomonas,marina,alginate,"Table 1, 2"
Goecke et al. 2010,10.3354/meps08607,"Acrosiphonia sonderi, Ulva fenestrata, Fucus distichus subsp. evanescens, Fucus serratus, Kjellmaniella crassifolia, Saccharina japonica, Lessonia, Undaria pinnatifida etc.",Halomonas,NA,alginate,"Table 1, 2"
Goecke et al. 2010,10.3354/meps08607,"Acrosiphonia sonderi, Ulva fenestrata, Fucus distichus subsp. evanescens, Fucus serratus, Kjellmaniella crassifolia, Saccharina japonica, Lessonia, Undaria pinnatifida etc.",Moraxella,NA,alginate,"Table 1, 2"
Goecke et al. 2010,10.3354/meps08607,"Acrosiphonia sonderi, Ulva fenestrata, Fucus distichus subsp. evanescens, Fucus serratus, Kjellmaniella crassifolia, Saccharina japonica, Lessonia, Undaria pinnatifida etc.",Ochrobactrum,NA,alginate,"Table 1, 2"
Goecke et al. 2010,10.3354/meps08607,"Acrosiphonia sonderi, Ulva fenestrata, Fucus distichus subsp. evanescens, Fucus serratus, Kjellmaniella crassifolia, Saccharina japonica, Lessonia, Undaria pinnatifida etc.",Pseudoalteromonas,NA,alginate,"Table 1, 2"
Goecke et al. 2010,10.3354/meps08607,"Acrosiphonia sonderi, Ulva fenestrata, Fucus distichus subsp. evanescens, Fucus serratus, Kjellmaniella crassifolia, Saccharina japonica, Lessonia, Undaria pinnatifida etc.",Pseudomonas,alginovora,alginate,"Table 1, 2"
Goecke et al. 2010,10.3354/meps08607,"Acrosiphonia sonderi, Ulva fenestrata, Fucus distichus subsp. evanescens, Fucus serratus, Kjellmaniella crassifolia, Saccharina japonica, Lessonia, Undaria pinnatifida etc.",Streptomyces,NA,alginate,"Table 1, 2"
Goecke et al. 2010,10.3354/meps08607,"Acrosiphonia sonderi, Ulva fenestrata, Fucus distichus subsp. evanescens, Fucus serratus, Kjellmaniella crassifolia, Saccharina japonica, Lessonia, Undaria pinnatifida etc.",Vibrio,fischeri,alginate,"Table 1, 2"
Goecke et al. 2010,10.3354/meps08607,"Acrosiphonia sonderi, Ulva fenestrata, Fucus distichus subsp. evanescens, Fucus serratus, Kjellmaniella crassifolia, Saccharina japonica, Lessonia, Undaria pinnatifida etc.",Vibrio,harveyi,alginate,"Table 1, 2"
Goecke et al. 2010,10.3354/meps08607,"Acrosiphonia sonderi, Ulva fenestrata, Fucus distichus subsp. evanescens, Fucus serratus, Kjellmaniella crassifolia, Saccharina japonica, Lessonia, Undaria pinnatifida etc.",Arenibacter,NA,fucoidan,"Table 1, 2"
Goecke et al. 2010,10.3354/meps08607,"Acrosiphonia sonderi, Ulva fenestrata, Fucus distichus subsp. evanescens, Fucus serratus, Kjellmaniella crassifolia, Saccharina japonica, Lessonia, Undaria pinnatifida etc.",Flavobacterium,algicola,fucoidan,"Table 1, 2"
Goecke et al. 2010,10.3354/meps08607,"Acrosiphonia sonderi, Ulva fenestrata, Fucus distichus subsp. evanescens, Fucus serratus, Kjellmaniella crassifolia, Saccharina japonica, Lessonia, Undaria pinnatifida etc.",Fucobacter,marina,fucoidan,"Table 1, 2"
Goecke et al. 2010,10.3354/meps08607,"Acrosiphonia sonderi, Ulva fenestrata, Fucus distichus subsp. evanescens, Fucus serratus, Kjellmaniella crassifolia, Saccharina japonica, Lessonia, Undaria pinnatifida etc.",Fucophilus,fucoidanolyticus,fucoidan,"Table 1, 2"
Goecke et al. 2010,10.3354/meps08607,"Acrosiphonia sonderi, Ulva fenestrata, Fucus distichus subsp. evanescens, Fucus serratus, Kjellmaniella crassifolia, Saccharina japonica, Lessonia, Undaria pinnatifida etc.",Gramella,NA,fucoidan,"Table 1, 2"
Goecke et al. 2010,10.3354/meps08607,"Acrosiphonia sonderi, Ulva fenestrata, Fucus distichus subsp. evanescens, Fucus serratus, Kjellmaniella crassifolia, Saccharina japonica, Lessonia, Undaria pinnatifida etc.",Maribacter,NA,fucoidan,"Table 1, 2"
Goecke et al. 2010,10.3354/meps08607,"Acrosiphonia sonderi, Ulva fenestrata, Fucus distichus subsp. evanescens, Fucus serratus, Kjellmaniella crassifolia, Saccharina japonica, Lessonia, Undaria pinnatifida etc.",Mesonia,algae,fucoidan,"Table 1, 2"
Goecke et al. 2010,10.3354/meps08607,"Acrosiphonia sonderi, Ulva fenestrata, Fucus distichus subsp. evanescens, Fucus serratus, Kjellmaniella crassifolia, Saccharina japonica, Lessonia, Undaria pinnatifida etc.",Pseudoalteromonas,citrea,fucoidan,"Table 1, 2"
Goecke et al. 2010,10.3354/meps08607,"Acrosiphonia sonderi, Ulva fenestrata, Fucus distichus subsp. evanescens, Fucus serratus, Kjellmaniella crassifolia, Saccharina japonica, Lessonia, Undaria pinnatifida etc.",Pseudoalteromonas,issachenkonii,fucoidan,"Table 1, 2"
Goecke et al. 2010,10.3354/meps08607,"Acrosiphonia sonderi, Ulva fenestrata, Fucus distichus subsp. evanescens, Fucus serratus, Kjellmaniella crassifolia, Saccharina japonica, Lessonia, Undaria pinnatifida etc.",Sphingomonas,paucimobilis,fucoidan,"Table 1, 2"
Goecke et al. 2010,10.3354/meps08607,"Acrosiphonia sonderi, Ulva fenestrata, Fucus distichus subsp. evanescens, Fucus serratus, Kjellmaniella crassifolia, Saccharina japonica, Lessonia, Undaria pinnatifida etc.",Vibrio,NA,fucoidan,"Table 1, 2"
Goecke et al. 2010,10.3354/meps08607,"Acrosiphonia sonderi, Ulva fenestrata, Fucus distichus subsp. evanescens, Fucus serratus, Kjellmaniella crassifolia, Saccharina japonica, Lessonia, Undaria pinnatifida etc.",Zobellia,NA,fucoidan,"Table 1, 2"
Goecke et al. 2010,10.3354/meps08607,"Acrosiphonia sonderi, Ulva fenestrata, Fucus distichus subsp. evanescens, Fucus serratus, Kjellmaniella crassifolia, Saccharina japonica, Lessonia, Undaria pinnatifida etc.",Alteromonas,NA,fucan,"Table 1, 2"
Goecke et al. 2010,10.3354/meps08607,"Acrosiphonia sonderi, Ulva fenestrata, Fucus distichus subsp. evanescens, Fucus serratus, Kjellmaniella crassifolia, Saccharina japonica, Lessonia, Undaria pinnatifida etc.",Mariniflexile,fucanivorans,fucan,"Table 1, 2"
Goecke et al. 2010,10.3354/meps08607,"Acrosiphonia sonderi, Ulva fenestrata, Fucus distichus subsp. evanescens, Fucus serratus, Kjellmaniella crassifolia, Saccharina japonica, Lessonia, Undaria pinnatifida etc.",Aeromonas,NA,mannan,"Table 1, 2"
Goecke et al. 2010,10.3354/meps08607,"Acrosiphonia sonderi, Ulva fenestrata, Fucus distichus subsp. evanescens, Fucus serratus, Kjellmaniella crassifolia, Saccharina japonica, Lessonia, Undaria pinnatifida etc.",Bacillus,subtilis,mannan,"Table 1, 2"
Goecke et al. 2010,10.3354/meps08607,"Acrosiphonia sonderi, Ulva fenestrata, Fucus distichus subsp. evanescens, Fucus serratus, Kjellmaniella crassifolia, Saccharina japonica, Lessonia, Undaria pinnatifida etc.",Pseudomonas,NA,mannan,"Table 1, 2"
Goecke et al. 2010,10.3354/meps08607,"Acrosiphonia sonderi, Ulva fenestrata, Fucus distichus subsp. evanescens, Fucus serratus, Kjellmaniella crassifolia, Saccharina japonica, Lessonia, Undaria pinnatifida etc.",Streptomyces,lividans,mannan,"Table 1, 2"
Goecke et al. 2010,10.3354/meps08607,"Acrosiphonia sonderi, Ulva fenestrata, Fucus distichus subsp. evanescens, Fucus serratus, Kjellmaniella crassifolia, Saccharina japonica, Lessonia, Undaria pinnatifida etc.",Vibrio,NA,mannan,"Table 1, 2"
Goecke et al. 2010,10.3354/meps08607,"Acrosiphonia sonderi, Ulva fenestrata, Fucus distichus subsp. evanescens, Fucus serratus, Kjellmaniella crassifolia, Saccharina japonica, Lessonia, Undaria pinnatifida etc.",Acinetobacter,NA,"cellulose, pectin","Table 1, 2"
Goecke et al. 2010,10.3354/meps08607,"Acrosiphonia sonderi, Ulva fenestrata, Fucus distichus subsp. evanescens, Fucus serratus, Kjellmaniella crassifolia, Saccharina japonica, Lessonia, Undaria pinnatifida etc.",Alteromonas,NA,"cellulose, pectin","Table 1, 2"
Goecke et al. 2010,10.3354/meps08607,"Acrosiphonia sonderi, Ulva fenestrata, Fucus distichus subsp. evanescens, Fucus serratus, Kjellmaniella crassifolia, Saccharina japonica, Lessonia, Undaria pinnatifida etc.",Flavobacterium,NA,"cellulose, pectin","Table 1, 2"
Goecke et al. 2010,10.3354/meps08607,"Acrosiphonia sonderi, Ulva fenestrata, Fucus distichus subsp. evanescens, Fucus serratus, Kjellmaniella crassifolia, Saccharina japonica, Lessonia, Undaria pinnatifida etc.",Pseudoalteromonas,NA,"cellulose, pectin","Table 1, 2"
Goecke et al. 2010,10.3354/meps08607,"Acrosiphonia sonderi, Ulva fenestrata, Fucus distichus subsp. evanescens, Fucus serratus, Kjellmaniella crassifolia, Saccharina japonica, Lessonia, Undaria pinnatifida etc.",Vibrio,NA,"cellulose, pectin","Table 1, 2"
Goecke et al. 2010,10.3354/meps08607,Saccharina japonica,Pseudoalteromonas,NA,host,Table 3
Goecke et al. 2010,10.3354/meps08607,Saccharina japonica,Vibrio,NA,host,Table 3
Goecke et al. 2010,10.3354/meps08607,Saccharina japonica,Halomonas,NA,host,Table 3
Goecke et al. 2010,10.3354/meps08607,Saccharina japonica,Micrococcus,NA,host,Table 3
Goecke et al. 2010,10.3354/meps08607,Saccharina japonica,Pseudoalteromonas,bacteriolytica,host,Table 3
Goecke et al. 2010,10.3354/meps08607,Saccharina japonica,Pseudoalteromonas,elyakovii,host,Table 3
Goecke et al. 2010,10.3354/meps08607,Undaria pinnatifida,Vibrio,logei,host,Table 3
Goecke et al. 2010,10.3354/meps08607,Chondrus crispus,Cytophaga,NA,host,Table 3
Goecke et al. 2010,10.3354/meps08607,Chondrus crispus,Flavobacterium,NA,host,Table 3
Goecke et al. 2010,10.3354/meps08607,Gracilaria conferta,Cytophaga,NA,host,Table 3
Goecke et al. 2010,10.3354/meps08607,Gracilaria conferta,Flavobacterium,NA,host,Table 3
Goecke et al. 2010,10.3354/meps08607,Gracilaria conferta,Vibrio,NA,host,Table 3
Goecke et al. 2010,10.3354/meps08607,Gracilaria gracilis,Pseudoalteromonas,gracilis,host,Table 3
Goecke et al. 2010,10.3354/meps08607,Gracilaria,Vibrio,NA,host,Table 3
Goecke et al. 2010,10.3354/meps08607,Gracilariopsis longissima,Vibrio,NA,host,Table 3
Goecke et al. 2010,10.3354/meps08607,"Hydrolithon, Sporolithon, Lithophyllum, Titanoderma etc.",Plectonema,terebrans,host,Table 3
Goecke et al. 2010,10.3354/meps08607,Kappaphycus alvarezii,Cytophaga,NA,host,Table 3
Goecke et al. 2010,10.3354/meps08607,Kappaphycus alvarezii,Flavobacterium,NA,host,Table 3
Goecke et al. 2010,10.3354/meps08607,Kappaphycus alvarezii,Vibrio,NA,host,Table 3
Goecke et al. 2010,10.3354/meps08607,Mazzaella laminarioides,Pleurocapsa,NA,host,Table 3
Goecke et al. 2010,10.3354/meps08607,Neopyropia leucosticta,Vibrio,NA,host,Table 3
Goecke et al. 2010,10.3354/meps08607,Neopyropia leucosticta,Flavobacterium,NA,host,Table 3
Goecke et al. 2010,10.3354/meps08607,Neopyropia yezoensis,Vibrio,NA,host,Table 3
Goecke et al. 2010,10.3354/meps08607,Neopyropia yezoensis,Pseudomonas,NA,host,Table 3
Goecke et al. 2010,10.3354/meps08607,Neopyropia yezoensis,Flavobacterium,NA,host,Table 3
Brunet et al. 2022,10.1038/s41396-022-01251-6,"Delesseria sanguinea, Ascophyllum nodosum, Saccharina japonica, Acrosiphonia sonderi etc.",Zobellia,galactanivorans,"Laminaria digitata, Fucus serratus, Ascophyllum nodosum, alginate, fucoidan",Text
Thomas et al. 2021,10.1038/s41396-021-00987-x,Seawater around Laminaria digitata,Psychrobium,NA,Laminaria digitata alginate,"Text, Table 1"
Thomas et al. 2021,10.1038/s41396-021-00987-x,Seawater around Laminaria digitata,Colwellia,NA,Laminaria digitata alginate,"Text, Table 1"
Thomas et al. 2021,10.1038/s41396-021-00987-x,Seawater around Laminaria digitata,Psychromonas,NA,Laminaria digitata alginate,"Text, Table 1"
Thomas et al. 2021,10.1038/s41396-021-00987-x,Seawater around Laminaria digitata,Wenyingzhuangia,NA,Laminaria digitata alginate,"Text, Table 1"
Thomas et al. 2021,10.1038/s41396-021-00987-x,Seawater around Laminaria digitata,Tenacibaculum,NA,Laminaria digitata alginate,"Text, Table 1"
Thomas et al. 2021,10.1038/s41396-021-00987-x,Seawater around Laminaria digitata,Polaribacter,NA,Laminaria digitata alginate,"Text, Table 1"
Thomas et al. 2021,10.1038/s41396-021-00987-x,Seawater around Laminaria digitata,Marinomonas,NA,Laminaria digitata alginate,"Text, Table 1"
Thomas et al. 2021,10.1038/s41396-021-00987-x,Seawater around Laminaria digitata,Leucothrix,NA,Laminaria digitata alginate,"Text, Table 1"
Liang et al. 2021,10.1016/j.envint.2021.106687,Seawater,Vibrio,NA,Ulva prolifera dissolved organic matter,Figure 7
Liang et al. 2021,10.1016/j.envint.2021.106687,Seawater,Nautella,NA,Ulva prolifera dissolved organic matter,Figure 7
Liang et al. 2021,10.1016/j.envint.2021.106687,Seawater,Thalassobius,NA,Ulva prolifera dissolved organic matter,Figure 7
Liang et al. 2021,10.1016/j.envint.2021.106687,Seawater,Wenyingzhuangia,NA,Ulva prolifera dissolved organic matter,Figure 7
Liang et al. 2021,10.1016/j.envint.2021.106687,Seawater,Tamlana,NA,Ulva prolifera dissolved organic matter,Figure 7
Liang et al. 2021,10.1016/j.envint.2021.106687,Seawater,Donghicola,NA,Ulva prolifera dissolved organic matter,Figure 7
Liang et al. 2021,10.1016/j.envint.2021.106687,Seawater,Alteromonas,NA,Ulva prolifera dissolved organic matter,Figure 7
Laycock 1974,10.1007/bf00394968,Saccharina latissima,Vibrio,NA,"mannitol, gelatin, alginate, laminaran","Table 5, Text"
Laycock 1974,10.1007/bf00394968,Saccharina latissima,Pseudomonas,NA,"mannitol, gelatin, alginate, laminaran","Table 5, Text"
Laycock 1974,10.1007/bf00394968,Saccharina latissima,Pseudomonas,NA,"gelatin, alginate, laminaran","Table 5, Text"
Laycock 1974,10.1007/bf00394968,Saccharina latissima,Flavobacterium,NA,"mannitol, gelatin, alginate, laminaran","Table 5, Text"
Laycock 1974,10.1007/bf00394968,Saccharina latissima,Pseudomonas,putrefaciens,"gelatin, alginate, laminaran","Table 5, Text"
Shiba & Taga 1980,10.1016/0022-0981(80)90042-8,"Ulva linza, Monostroma nitidum",Flavobacterium,NA,PPES-II agar,"Figure 2, Text"
Shiba & Taga 1980,10.1016/0022-0981(80)90042-8,"Ulva linza, Monostroma nitidum",Cytophaga,NA,PPES-II agar,"Figure 2, Text"
Shiba & Taga 1980,10.1016/0022-0981(80)90042-8,"Ulva linza, Monostroma nitidum",Acinetobacter,NA,PPES-II agar,"Figure 2, Text"
Shiba & Taga 1980,10.1016/0022-0981(80)90042-8,"Ulva linza, Monostroma nitidum",Pseudomonas,NA,PPES-II agar,"Figure 2, Text"
Thomas et al. 2017,10.3389/fmicb.2017.01808,Delesseria sanguinea,Zobellia,galactanivorans,"alginate, laminaran, agar, porphyran, carrageenan",Text
Sichert et al. 2020,10.1038/s41564-020-0720-2,Seawater,Lentimonas,marisflavi,"carrageenan, Fucus serratus fucoidan, Macrocystis pyrifera fucoidan, Cladosiphon okamuranus fucoidan, Fucus vesiculosus fucoidan, Durvillaea potatorum fucoidan, Ecklonia maxima fucoidan","Figure 2, Text"
Egan et al. 2014,10.1111/1462-2920.12288,Delisea pulchra,Nautella,italica,host,Table 1
Egan et al. 2014,10.1111/1462-2920.12288,Delisea pulchra,Phaeobacter,NA,host,Table 1
Egan et al. 2014,10.1111/1462-2920.12288,Gracilariopsis longissima,Vibrio,NA,host,Table 1
Egan et al. 2014,10.1111/1462-2920.12288,Gracilariopsis lemaneiformis,Thalassospira,NA,host,Table 1
Egan et al. 2014,10.1111/1462-2920.12288,Gracilariopsis lemaneiformis,Vibrio,parahaemolyticus,host,Table 1
Egan et al. 2014,10.1111/1462-2920.12288,Gracilaria gracilis,Pseudoalteromonas,gracilis,host,Table 1
Egan et al. 2014,10.1111/1462-2920.12288,Mazzaella laminarioides,Pleurocapsa,NA,host,Table 1
Egan et al. 2014,10.1111/1462-2920.12288,Kappaphycus alvarezii,Cytophaga,NA,host,Table 1
Egan et al. 2014,10.1111/1462-2920.12288,Kappaphycus alvarezii,Vibrio,NA,host,Table 1
Egan et al. 2014,10.1111/1462-2920.12288,Porolithon onkodes etc.,Planococcus,NA,host,Table 1
Egan et al. 2014,10.1111/1462-2920.12288,Porolithon onkodes etc.,Bacillus,NA,host,Table 1
Egan et al. 2014,10.1111/1462-2920.12288,Porolithon onkodes etc.,Pseudomonas,NA,host,Table 1
Egan et al. 2014,10.1111/1462-2920.12288,Neopyropia leucosticta,Flavobacterium,NA,host,Table 1
Egan et al. 2014,10.1111/1462-2920.12288,Neopyropia yezoensis,Flavobacterium,NA,host,Table 1
Egan et al. 2014,10.1111/1462-2920.12288,Neopyropia yezoensis,Gaetbulibacter,saemankumensis,host,Table 1
Egan et al. 2014,10.1111/1462-2920.12288,Saccharina japonica,Pseudoalteromonas,NA,host,Table 1
Egan et al. 2014,10.1111/1462-2920.12288,Saccharina japonica,Vibrio,NA,host,Table 1
Egan et al. 2014,10.1111/1462-2920.12288,Saccharina japonica,Halomonas,NA,host,Table 1
Egan et al. 2014,10.1111/1462-2920.12288,Saccharina japonica,Pseudoalteromonas,bacteriolytica,host,Table 1
Egan et al. 2014,10.1111/1462-2920.12288,Saccharina japonica,Pseudoalteromonas,elyakovii,host,Table 1
Egan et al. 2014,10.1111/1462-2920.12288,Saccharina japonica,Alteromonas,NA,host,Table 1
Egan et al. 2014,10.1111/1462-2920.12288,Saccharina japonica,Alteromonas,NA,host,Table 1
Kumar et al. 2022,10.3390/microorganisms10122513,"Sargassum polycystum, Pterocladiella musciformis, Padina antillarum, Dictyota, Ulva",Bacillus,coreaensis,"xylan, pectin","Table 1, S2"
Kumar et al. 2022,10.3390/microorganisms10122513,"Sargassum polycystum, Pterocladiella musciformis, Padina antillarum, Dictyota, Ulva",Oceanobacillus,caeni,"cellulose, pectin","Table 1, S2"
Kumar et al. 2022,10.3390/microorganisms10122513,"Sargassum polycystum, Pterocladiella musciformis, Padina antillarum, Dictyota, Ulva",Vibrio,alginolyticus,"xylan, pectin, starch","Table 1, S2"
Kumar et al. 2022,10.3390/microorganisms10122513,"Sargassum polycystum, Pterocladiella musciformis, Padina antillarum, Dictyota, Ulva",Cellulosimicrobium,aquatile,"cellulose, xylan, pectin, starch","Table 1, S2"
Kumar et al. 2022,10.3390/microorganisms10122513,"Sargassum polycystum, Pterocladiella musciformis, Padina antillarum, Dictyota, Ulva",Cellulosimicrobium,funkei,starch,"Table 1, S2"
Kumar et al. 2022,10.3390/microorganisms10122513,"Sargassum polycystum, Pterocladiella musciformis, Padina antillarum, Dictyota, Ulva",Streptomyces,albidoflavus,"cellulose, pectin, starch","Table 1, S2"
Kumar et al. 2022,10.3390/microorganisms10122513,"Sargassum polycystum, Pterocladiella musciformis, Padina antillarum, Dictyota, Ulva",Brachybacterium,squillarum,starch,"Table 1, S2"
Kumar et al. 2022,10.3390/microorganisms10122513,"Sargassum polycystum, Pterocladiella musciformis, Padina antillarum, Dictyota, Ulva",Bacillus,infantis,"cellulose, xylan, pectin, starch","Table 1, S2"
Kumar et al. 2022,10.3390/microorganisms10122513,"Sargassum polycystum, Pterocladiella musciformis, Padina antillarum, Dictyota, Ulva",Fictibacillus,enclensis,"cellulose, pectin","Table 1, S2"
Kumar et al. 2022,10.3390/microorganisms10122513,"Sargassum polycystum, Pterocladiella musciformis, Padina antillarum, Dictyota, Ulva",Streptomyces,hyaluromycini,"cellulose, pectin","Table 1, S2"
Kumar et al. 2022,10.3390/microorganisms10122513,"Sargassum polycystum, Pterocladiella musciformis, Padina antillarum, Dictyota, Ulva",Fredinandcohnia,onubensis,cellulose,"Table 1, S2"
Kumar et al. 2022,10.3390/microorganisms10122513,"Sargassum polycystum, Pterocladiella musciformis, Padina antillarum, Dictyota, Ulva",Vibrio,fortis,"xylan, starch","Table 1, S2"
Kumar et al. 2022,10.3390/microorganisms10122513,"Sargassum polycystum, Pterocladiella musciformis, Padina antillarum, Dictyota, Ulva",Lederbergia,wuyishanensis,"cellulose, xylan, pectin, starch","Table 1, S2"
Kumar et al. 2022,10.3390/microorganisms10122513,"Sargassum polycystum, Pterocladiella musciformis, Padina antillarum, Dictyota, Ulva",Enterobacter,soli,"cellulose, xylan","Table 1, S2"
Kumar et al. 2022,10.3390/microorganisms10122513,"Sargassum polycystum, Pterocladiella musciformis, Padina antillarum, Dictyota, Ulva",Aeromonas,bivalvium,"cellulose, xylan, starch","Table 1, S2"
Kumar et al. 2022,10.3390/microorganisms10122513,"Sargassum polycystum, Pterocladiella musciformis, Padina antillarum, Dictyota, Ulva",Klebsiella,michiganensis,xylan,"Table 1, S2"
Kumar et al. 2022,10.3390/microorganisms10122513,"Sargassum polycystum, Pterocladiella musciformis, Padina antillarum, Dictyota, Ulva",Cytobacillus,firmus,"cellulose, xylan","Table 1, S2"
Kumar et al. 2022,10.3390/microorganisms10122513,"Sargassum polycystum, Pterocladiella musciformis, Padina antillarum, Dictyota, Ulva",Gordonia,bronchialis,xylan,"Table 1, S2"
Kumar et al. 2022,10.3390/microorganisms10122513,"Sargassum polycystum, Pterocladiella musciformis, Padina antillarum, Dictyota, Ulva",Kocuria,palustris,"xylan, starch","Table 1, S2"
Kumar et al. 2022,10.3390/microorganisms10122513,"Sargassum polycystum, Pterocladiella musciformis, Padina antillarum, Dictyota, Ulva",Isoptericola,chiayiensis,"xylan, starch","Table 1, S2"
Kumar et al. 2022,10.3390/microorganisms10122513,"Sargassum polycystum, Pterocladiella musciformis, Padina antillarum, Dictyota, Ulva",Roseomonas,mucosa,"cellulose, xylan, starch","Table 1, S2"
Kumar et al. 2022,10.3390/microorganisms10122513,"Sargassum polycystum, Pterocladiella musciformis, Padina antillarum, Dictyota, Ulva",Gordonia,westfalica,cellulose,"Table 1, S2"
Kumar et al. 2022,10.3390/microorganisms10122513,"Sargassum polycystum, Pterocladiella musciformis, Padina antillarum, Dictyota, Ulva",Bacillus,pseudomycoides,"cellulose, starch","Table 1, S2"
Kumar et al. 2022,10.3390/microorganisms10122513,"Sargassum polycystum, Pterocladiella musciformis, Padina antillarum, Dictyota, Ulva",Pantoea,anthophila,starch,"Table 1, S2"
Kumar et al. 2022,10.3390/microorganisms10122513,"Sargassum polycystum, Pterocladiella musciformis, Padina antillarum, Dictyota, Ulva",Neobacillus,cucumis,"cellulose, xylan, pectin, starch","Table 1, S2"
Kumar et al. 2022,10.3390/microorganisms10122513,"Sargassum polycystum, Pterocladiella musciformis, Padina antillarum, Dictyota, Ulva",Priestia,filamentosus,"cellulose, starch","Table 1, S2"
Kumar et al. 2022,10.3390/microorganisms10122513,"Sargassum polycystum, Pterocladiella musciformis, Padina antillarum, Dictyota, Ulva",Alkalihalobacillus,algicola,xylan,"Table 1, S2"
Kumar et al. 2022,10.3390/microorganisms10122513,"Sargassum polycystum, Pterocladiella musciformis, Padina antillarum, Dictyota, Ulva",Priestia,aryabhattai,"cellulose, xylan, starch","Table 1, S2"
Kumar et al. 2022,10.3390/microorganisms10122513,"Sargassum polycystum, Pterocladiella musciformis, Padina antillarum, Dictyota, Ulva",Psychrobacter,nivimaris,"cellulose, xylan, starch","Table 1, S2"
Kumar et al. 2022,10.3390/microorganisms10122513,"Sargassum polycystum, Pterocladiella musciformis, Padina antillarum, Dictyota, Ulva",Kocuria,palustris,xylan,"Table 1, S2"
Kumar et al. 2022,10.3390/microorganisms10122513,"Sargassum polycystum, Pterocladiella musciformis, Padina antillarum, Dictyota, Ulva",Psychrobacter,nivimaris,"cellulose, xylan, starch","Table 1, S2"
Kumar et al. 2022,10.3390/microorganisms10122513,"Sargassum polycystum, Pterocladiella musciformis, Padina antillarum, Dictyota, Ulva",Microbacetrium,schleiferi,starch,"Table 1, S2"
Kumar et al. 2022,10.3390/microorganisms10122513,"Sargassum polycystum, Pterocladiella musciformis, Padina antillarum, Dictyota, Ulva",Alkalihaloacillus,algicola,"cellulose, xylan, starch","Table 1, S2"
Kumar et al. 2022,10.3390/microorganisms10122513,"Sargassum polycystum, Pterocladiella musciformis, Padina antillarum, Dictyota, Ulva",Priestia,filamentosa,cellulose,"Table 1, S2"
Kumar et al. 2022,10.3390/microorganisms10122513,"Sargassum polycystum, Pterocladiella musciformis, Padina antillarum, Dictyota, Ulva",Cobetia,marina,xylan,"Table 1, S2"
Kumar et al. 2022,10.3390/microorganisms10122513,"Sargassum polycystum, Pterocladiella musciformis, Padina antillarum, Dictyota, Ulva",Gordonia,rubripertincta,"pectin, starch","Table 1, S2"
Kumar et al. 2022,10.3390/microorganisms10122513,"Sargassum polycystum, Pterocladiella musciformis, Padina antillarum, Dictyota, Ulva",Janibacter,indicus,"pectin, starch","Table 1, S2"
Kumar et al. 2022,10.3390/microorganisms10122513,"Sargassum polycystum, Pterocladiella musciformis, Padina antillarum, Dictyota, Ulva",Vibrio,barsiliensis,"cellulose, xylan, pectin, starch","Table 1, S2"
Kumar et al. 2022,10.3390/microorganisms10122513,"Sargassum polycystum, Pterocladiella musciformis, Padina antillarum, Dictyota, Ulva",Bacillus,aerophilus,xylan,"Table 1, S2"
Kumar et al. 2022,10.3390/microorganisms10122513,"Sargassum polycystum, Pterocladiella musciformis, Padina antillarum, Dictyota, Ulva",Alkalihalobacillus,algicola,"cellulose, xylan, pectin, starch","Table 1, S2"
Kumar et al. 2022,10.3390/microorganisms10122513,"Sargassum polycystum, Pterocladiella musciformis, Padina antillarum, Dictyota, Ulva",Vibrio,natriegens,"cellulose, xylan, pectin, starch","Table 1, S2"
Kumar et al. 2022,10.3390/microorganisms10122513,"Sargassum polycystum, Pterocladiella musciformis, Padina antillarum, Dictyota, Ulva",Pseudoalteromonas,shioyasakiensis,"xylan, pectin, starch","Table 1, S2"
Kumar et al. 2022,10.3390/microorganisms10122513,"Sargassum polycystum, Pterocladiella musciformis, Padina antillarum, Dictyota, Ulva",Vibrio,neocaldonicus,"cellulose, xylan, pectin, starch","Table 1, S2"
Kumar et al. 2022,10.3390/microorganisms10122513,"Sargassum polycystum, Pterocladiella musciformis, Padina antillarum, Dictyota, Ulva",Rossellomorea,marisflavi,"xylan, pectin, starch","Table 1, S2"
Kumar et al. 2022,10.3390/microorganisms10122513,"Sargassum polycystum, Pterocladiella musciformis, Padina antillarum, Dictyota, Ulva",Pseudoalteromonas,distincta,"xylan, pectin, starch","Table 1, S2"
Kumar et al. 2022,10.3390/microorganisms10122513,"Sargassum polycystum, Pterocladiella musciformis, Padina antillarum, Dictyota, Ulva",Bacillus,aerophilus,cellulose,"Table 1, S2"
Kumar et al. 2022,10.3390/microorganisms10122513,"Sargassum polycystum, Pterocladiella musciformis, Padina antillarum, Dictyota, Ulva",Vibrio,neocaldonicus,"pectin, starch","Table 1, S2"
Kumar et al. 2022,10.3390/microorganisms10122513,"Sargassum polycystum, Pterocladiella musciformis, Padina antillarum, Dictyota, Ulva",Pseudoalteromonas,tetraodonis,starch,"Table 1, S2"
Kumar et al. 2022,10.3390/microorganisms10122513,"Sargassum polycystum, Pterocladiella musciformis, Padina antillarum, Dictyota, Ulva",Pseudoalteromonas,agarivorans,"pectin, starch","Table 1, S2"
Kumar et al. 2022,10.3390/microorganisms10122513,"Sargassum polycystum, Pterocladiella musciformis, Padina antillarum, Dictyota, Ulva",Vibrio,owensii,"cellulose, pectin, starch","Table 1, S2"
Kumar et al. 2022,10.3390/microorganisms10122513,"Sargassum polycystum, Pterocladiella musciformis, Padina antillarum, Dictyota, Ulva",Metabacillus,halosaccharovorans,"cellulose, xylan, pectin","Table 1, S2"
Kumar et al. 2022,10.3390/microorganisms10122513,"Sargassum polycystum, Pterocladiella musciformis, Padina antillarum, Dictyota, Ulva",Staphylocccus,argenteus,"xylan, starch","Table 1, S2"
Kumar et al. 2022,10.3390/microorganisms10122513,"Sargassum polycystum, Pterocladiella musciformis, Padina antillarum, Dictyota, Ulva",Vibrio,variabilisi,pectin,"Table 1, S2"
Kumar et al. 2022,10.3390/microorganisms10122513,"Sargassum polycystum, Pterocladiella musciformis, Padina antillarum, Dictyota, Ulva",Vibrio,neocaldonicus,"cellulose, pectin","Table 1, S2"
Kumar et al. 2022,10.3390/microorganisms10122513,"Sargassum polycystum, Pterocladiella musciformis, Padina antillarum, Dictyota, Ulva",Staphylocccus,argenteus,"xylan, starch","Table 1, S2"
Kumar et al. 2022,10.3390/microorganisms10122513,"Sargassum polycystum, Pterocladiella musciformis, Padina antillarum, Dictyota, Ulva",Micrococcus,luteus,"cellulose, pectin, starch","Table 1, S2"
Kumar et al. 2022,10.3390/microorganisms10122513,"Sargassum polycystum, Pterocladiella musciformis, Padina antillarum, Dictyota, Ulva",Gordonia,terrae,"cellulose, pectin","Table 1, S2"
Kumar et al. 2022,10.3390/microorganisms10122513,"Sargassum polycystum, Pterocladiella musciformis, Padina antillarum, Dictyota, Ulva",Niallia,circulans,"cellulose, pectin","Table 1, S2"
Kumar et al. 2022,10.3390/microorganisms10122513,"Sargassum polycystum, Pterocladiella musciformis, Padina antillarum, Dictyota, Ulva",Micrococcus,aloeverae,"cellulose, pectin","Table 1, S2"
Kumar et al. 2022,10.3390/microorganisms10122513,"Sargassum polycystum, Pterocladiella musciformis, Padina antillarum, Dictyota, Ulva",Staphylococcus,epidermidis,"pectin, starch","Table 1, S2"
Kumar et al. 2022,10.3390/microorganisms10122513,"Sargassum polycystum, Pterocladiella musciformis, Padina antillarum, Dictyota, Ulva",Niallia,circulans,"xylan, pectin, starch","Table 1, S2"
Kumar et al. 2022,10.3390/microorganisms10122513,"Sargassum polycystum, Pterocladiella musciformis, Padina antillarum, Dictyota, Ulva",Vibrio,fortis,"xylan, starch","Table 1, S2"
Kumar et al. 2022,10.3390/microorganisms10122513,"Sargassum polycystum, Pterocladiella musciformis, Padina antillarum, Dictyota, Ulva",Kocuria,sediminis,"cellulose, xylan, pectin, starch","Table 1, S2"
Kumar et al. 2022,10.3390/microorganisms10122513,"Sargassum polycystum, Pterocladiella musciformis, Padina antillarum, Dictyota, Ulva",Kocuria,palustris,"cellulose, xylan, pectin, starch","Table 1, S2"
Kumar et al. 2022,10.3390/microorganisms10122513,"Sargassum polycystum, Pterocladiella musciformis, Padina antillarum, Dictyota, Ulva",Planococcus,okeanokoites,"cellulose, xylan, pectin, starch","Table 1, S2"
Kumar et al. 2022,10.3390/microorganisms10122513,"Sargassum polycystum, Pterocladiella musciformis, Padina antillarum, Dictyota, Ulva",Alteromonas,macleodii,"pectin, starch","Table 1, S2"
Kumar et al. 2022,10.3390/microorganisms10122513,"Sargassum polycystum, Pterocladiella musciformis, Padina antillarum, Dictyota, Ulva",Rossellomorea,marisflavi,"xylan, starch","Table 1, S2"
Kumar et al. 2022,10.3390/microorganisms10122513,"Sargassum polycystum, Pterocladiella musciformis, Padina antillarum, Dictyota, Ulva",Kocuria,palustris,"cellulose, xylan, pectin, starch","Table 1, S2"
Kumar et al. 2022,10.3390/microorganisms10122513,"Sargassum polycystum, Pterocladiella musciformis, Padina antillarum, Dictyota, Ulva",Micrococcus,terreus,"xylan, pectin, starch","Table 1, S2"
Kumar et al. 2022,10.3390/microorganisms10122513,"Sargassum polycystum, Pterocladiella musciformis, Padina antillarum, Dictyota, Ulva",Micrococcus,endophyticus,"xylan, pectin, starch","Table 1, S2"
Kumar et al. 2022,10.3390/microorganisms10122513,"Sargassum polycystum, Pterocladiella musciformis, Padina antillarum, Dictyota, Ulva",Kocuria,palustris,"cellulose, pectin, starch","Table 1, S2"
Kumar et al. 2022,10.3390/microorganisms10122513,"Sargassum polycystum, Pterocladiella musciformis, Padina antillarum, Dictyota, Ulva",Luteimonas,padinae,xylan,"Table 1, S2"
Kumar et al. 2022,10.3390/microorganisms10122513,"Sargassum polycystum, Pterocladiella musciformis, Padina antillarum, Dictyota, Ulva",Kocuria,palustris,"xylan, pectin","Table 1, S2"
Kumar et al. 2022,10.3390/microorganisms10122513,"Sargassum polycystum, Pterocladiella musciformis, Padina antillarum, Dictyota, Ulva",Micrococcus,endophyticus,"cellulose, xylan, pectin, starch","Table 1, S2"
Kumar et al. 2022,10.3390/microorganisms10122513,"Sargassum polycystum, Pterocladiella musciformis, Padina antillarum, Dictyota, Ulva",Streptomyces,olivicoloratus,"cellulose, xylan, pectin, starch","Table 1, S2"
Kumar et al. 2022,10.3390/microorganisms10122513,"Sargassum polycystum, Pterocladiella musciformis, Padina antillarum, Dictyota, Ulva",Kocuria,sediminis,"pectin, starch","Table 1, S2"
Kumar et al. 2022,10.3390/microorganisms10122513,"Sargassum polycystum, Pterocladiella musciformis, Padina antillarum, Dictyota, Ulva",Brevundimonas,vesicularis,"pectin, starch","Table 1, S2"
Kumar et al. 2022,10.3390/microorganisms10122513,"Sargassum polycystum, Pterocladiella musciformis, Padina antillarum, Dictyota, Ulva",Kocuria,palustris,"pectin, starch","Table 1, S2"
Kumar et al. 2022,10.3390/microorganisms10122513,"Sargassum polycystum, Pterocladiella musciformis, Padina antillarum, Dictyota, Ulva",Paracoccus,marcusii,"pectin, starch","Table 1, S2"
Kumar et al. 2022,10.3390/microorganisms10122513,"Sargassum polycystum, Pterocladiella musciformis, Padina antillarum, Dictyota, Ulva",Planomicrobium,okeanokoites,"cellulose, xylan, pectin, starch","Table 1, S2"
Kumar et al. 2022,10.3390/microorganisms10122513,"Sargassum polycystum, Pterocladiella musciformis, Padina antillarum, Dictyota, Ulva",Sphingomonas,molluscorum,"cellulose, xylan, starch","Table 1, S2"
Kumar et al. 2022,10.3390/microorganisms10122513,"Sargassum polycystum, Pterocladiella musciformis, Padina antillarum, Dictyota, Ulva",Staphylococcus,epidermidis,xylan,"Table 1, S2"
Kumar et al. 2022,10.3390/microorganisms10122513,"Sargassum polycystum, Pterocladiella musciformis, Padina antillarum, Dictyota, Ulva",Vibrio,owensii,"cellulose, xylan, starch","Table 1, S2"
Kumar et al. 2022,10.3390/microorganisms10122513,"Sargassum polycystum, Pterocladiella musciformis, Padina antillarum, Dictyota, Ulva",Vibrio,sonorensis,"cellulose, starch","Table 1, S2"
Kumar et al. 2022,10.3390/microorganisms10122513,"Sargassum polycystum, Pterocladiella musciformis, Padina antillarum, Dictyota, Ulva",Alteromonas,macleodii,"xylan, starch","Table 1, S2"
Kumar et al. 2022,10.3390/microorganisms10122513,"Sargassum polycystum, Pterocladiella musciformis, Padina antillarum, Dictyota, Ulva",Vibrio,hepatarius,"cellulose, xylan, pectin, starch","Table 1, S2"
Kumar et al. 2022,10.3390/microorganisms10122513,"Sargassum polycystum, Pterocladiella musciformis, Padina antillarum, Dictyota, Ulva",Alteromonas,macleodii,"cellulose, xylan, pectin, starch","Table 1, S2"
Kumar et al. 2022,10.3390/microorganisms10122513,"Sargassum polycystum, Pterocladiella musciformis, Padina antillarum, Dictyota, Ulva",Vibrio,tubiashii,"cellulose, xylan, starch","Table 1, S2"
Kumar et al. 2022,10.3390/microorganisms10122513,"Sargassum polycystum, Pterocladiella musciformis, Padina antillarum, Dictyota, Ulva",Alteromonas,macleodii,"cellulose, xylan, starch","Table 1, S2"
Kumar et al. 2022,10.3390/microorganisms10122513,"Sargassum polycystum, Pterocladiella musciformis, Padina antillarum, Dictyota, Ulva",Alteromonas,macleodii,"cellulose, xylan, pectin, starch","Table 1, S2"
Kumar et al. 2022,10.3390/microorganisms10122513,"Sargassum polycystum, Pterocladiella musciformis, Padina antillarum, Dictyota, Ulva",Alteromonas,marina,"xylan, pectin, starch","Table 1, S2"
Kumar et al. 2022,10.3390/microorganisms10122513,"Sargassum polycystum, Pterocladiella musciformis, Padina antillarum, Dictyota, Ulva",Bacillus,altitudinis,"cellulose, xylan, pectin, starch","Table 1, S2"
Kumar et al. 2022,10.3390/microorganisms10122513,"Sargassum polycystum, Pterocladiella musciformis, Padina antillarum, Dictyota, Ulva",Alteromonas,macleodii,"xylan, starch","Table 1, S2"
Kumar et al. 2022,10.3390/microorganisms10122513,"Sargassum polycystum, Pterocladiella musciformis, Padina antillarum, Dictyota, Ulva",Vibrio,corallilyticus,"cellulose, xylan, starch","Table 1, S2"
Kumar et al. 2022,10.3390/microorganisms10122513,"Sargassum polycystum, Pterocladiella musciformis, Padina antillarum, Dictyota, Ulva",Alteromonas,macleodii,"cellulose, xylan, starch","Table 1, S2"
Kumar et al. 2022,10.3390/microorganisms10122513,"Sargassum polycystum, Pterocladiella musciformis, Padina antillarum, Dictyota, Ulva",Alteromonas,macleodii,starch,"Table 1, S2"
Kumar et al. 2022,10.3390/microorganisms10122513,"Sargassum polycystum, Pterocladiella musciformis, Padina antillarum, Dictyota, Ulva",Vibrio,maritimus,"cellulose, xylan, starch","Table 1, S2"
Kumar et al. 2022,10.3390/microorganisms10122513,"Sargassum polycystum, Pterocladiella musciformis, Padina antillarum, Dictyota, Ulva",Vibrio,corallilyticus,"cellulose, xylan, starch","Table 1, S2"
Kumar et al. 2022,10.3390/microorganisms10122513,"Sargassum polycystum, Pterocladiella musciformis, Padina antillarum, Dictyota, Ulva",Alteromonas,macleodii,"xylan, starch","Table 1, S2"
Kumar et al. 2022,10.3390/microorganisms10122513,"Sargassum polycystum, Pterocladiella musciformis, Padina antillarum, Dictyota, Ulva",Vibrio,coralliilyticus,"cellulose, xylan, starch","Table 1, S2"
Kumar et al. 2022,10.3390/microorganisms10122513,"Sargassum polycystum, Pterocladiella musciformis, Padina antillarum, Dictyota, Ulva",Vibrio,tubiashii,"cellulose, starch","Table 1, S2"
Kumar et al. 2022,10.3390/microorganisms10122513,"Sargassum polycystum, Pterocladiella musciformis, Padina antillarum, Dictyota, Ulva",Brevundimonas,vesicularis,"xylan, starch","Table 1, S2"
Kumar et al. 2022,10.3390/microorganisms10122513,"Sargassum polycystum, Pterocladiella musciformis, Padina antillarum, Dictyota, Ulva",Vibrio,tubiashii,"cellulose, xylan, starch","Table 1, S2"
Kumar et al. 2022,10.3390/microorganisms10122513,"Sargassum polycystum, Pterocladiella musciformis, Padina antillarum, Dictyota, Ulva",Vibrio,tubiashii,"cellulose, xylan, pectin, starch","Table 1, S2"
Kumar et al. 2022,10.3390/microorganisms10122513,"Sargassum polycystum, Pterocladiella musciformis, Padina antillarum, Dictyota, Ulva",Micrococcus,aloeverae,"cellulose, pectin, starch","Table 1, S2"
Kumar et al. 2022,10.3390/microorganisms10122513,"Sargassum polycystum, Pterocladiella musciformis, Padina antillarum, Dictyota, Ulva",Vibrio,shilonii,"cellulose, xylan, starch","Table 1, S2"
Kumar et al. 2022,10.3390/microorganisms10122513,"Sargassum polycystum, Pterocladiella musciformis, Padina antillarum, Dictyota, Ulva",Vibrio,alginolyticus,"cellulose, xylan, pectin, starch","Table 1, S2"
Kumar et al. 2022,10.3390/microorganisms10122513,"Sargassum polycystum, Pterocladiella musciformis, Padina antillarum, Dictyota, Ulva",Rossellomorea,vietnamensis,"cellulose, pectin, starch","Table 1, S2"
Kumar et al. 2022,10.3390/microorganisms10122513,"Sargassum polycystum, Pterocladiella musciformis, Padina antillarum, Dictyota, Ulva",Pseudoalteromonas,shioyasakiensis,"cellulose, xylan, pectin, starch","Table 1, S2"
Kumar et al. 2022,10.3390/microorganisms10122513,"Sargassum polycystum, Pterocladiella musciformis, Padina antillarum, Dictyota, Ulva",Staphylococcus,epidermidis,"cellulose, xylan, starch","Table 1, S2"
Kumar et al. 2022,10.3390/microorganisms10122513,"Sargassum polycystum, Pterocladiella musciformis, Padina antillarum, Dictyota, Ulva",Sanguibacter,inulinus,starch,"Table 1, S2"
Kumar et al. 2022,10.3390/microorganisms10122513,"Sargassum polycystum, Pterocladiella musciformis, Padina antillarum, Dictyota, Ulva",Exiguobacterium,mexicanum,"xylan, starch","Table 1, S2"
Kumar et al. 2022,10.3390/microorganisms10122513,"Sargassum polycystum, Pterocladiella musciformis, Padina antillarum, Dictyota, Ulva",Rosellomorea,oryzaecorticis,"cellulose, xylan, pectin","Table 1, S2"
Kumar et al. 2022,10.3390/microorganisms10122513,"Sargassum polycystum, Pterocladiella musciformis, Padina antillarum, Dictyota, Ulva",Exiguobacterium,mexicanum,"xylan, starch","Table 1, S2"
Kumar et al. 2022,10.3390/microorganisms10122513,"Sargassum polycystum, Pterocladiella musciformis, Padina antillarum, Dictyota, Ulva",Vibrio,neocaledonicus,"cellulose, xylan, pectin, starch","Table 1, S2"
Kumar et al. 2022,10.3390/microorganisms10122513,"Sargassum polycystum, Pterocladiella musciformis, Padina antillarum, Dictyota, Ulva",Vibrio,owensii,"cellulose, xylan, pectin, starch","Table 1, S2"
Kumar et al. 2022,10.3390/microorganisms10122513,"Sargassum polycystum, Pterocladiella musciformis, Padina antillarum, Dictyota, Ulva",Pseudoalteromonas,undina,"cellulose, xylan, pectin, starch","Table 1, S2"
Kumar et al. 2022,10.3390/microorganisms10122513,"Sargassum polycystum, Pterocladiella musciformis, Padina antillarum, Dictyota, Ulva",Shewanella,fidelis,pectin,"Table 1, S2"
Kumar et al. 2022,10.3390/microorganisms10122513,"Sargassum polycystum, Pterocladiella musciformis, Padina antillarum, Dictyota, Ulva",Bacillus,infantis,"cellulose, xylan, pectin, starch","Table 1, S2"
Kumar et al. 2022,10.3390/microorganisms10122513,"Sargassum polycystum, Pterocladiella musciformis, Padina antillarum, Dictyota, Ulva",Shewanella,fidelis,"cellulose, xylan, pectin, starch","Table 1, S2"
Kumar et al. 2022,10.3390/microorganisms10122513,"Sargassum polycystum, Pterocladiella musciformis, Padina antillarum, Dictyota, Ulva",Rosellomorea,marisflavi,"cellulose, xylan, pectin, starch","Table 1, S2"
Kumar et al. 2022,10.3390/microorganisms10122513,"Sargassum polycystum, Pterocladiella musciformis, Padina antillarum, Dictyota, Ulva",Pseudoalteromonas,issachenkonii,"cellulose, xylan, starch","Table 1, S2"
Kumar et al. 2022,10.3390/microorganisms10122513,"Sargassum polycystum, Pterocladiella musciformis, Padina antillarum, Dictyota, Ulva",Sphingomonas,desiccabilis,cellulose,"Table 1, S2"
Kumar et al. 2022,10.3390/microorganisms10122513,"Sargassum polycystum, Pterocladiella musciformis, Padina antillarum, Dictyota, Ulva",Shewanella,fidelis,"cellulose, xylan, starch","Table 1, S2"
Kumar et al. 2022,10.3390/microorganisms10122513,"Sargassum polycystum, Pterocladiella musciformis, Padina antillarum, Dictyota, Ulva",Streptomyces,lavenduligriseus,"cellulose, xylan, pectin","Table 1, S2"
Kumar et al. 2022,10.3390/microorganisms10122513,"Sargassum polycystum, Pterocladiella musciformis, Padina antillarum, Dictyota, Ulva",Staphylococcus,epidermidis,cellulose,"Table 1, S2"
Kumar et al. 2022,10.3390/microorganisms10122513,"Sargassum polycystum, Pterocladiella musciformis, Padina antillarum, Dictyota, Ulva",Bacillus,altitudinis,xylan,"Table 1, S2"
Kumar et al. 2022,10.3390/microorganisms10122513,"Sargassum polycystum, Pterocladiella musciformis, Padina antillarum, Dictyota, Ulva",Bacillus,altitudinis,"cellulose, xylan","Table 1, S2"
Kumar et al. 2022,10.3390/microorganisms10122513,"Sargassum polycystum, Pterocladiella musciformis, Padina antillarum, Dictyota, Ulva",Shewanella,fidelis,"cellulose, xylan, pectin","Table 1, S2"
Kumar et al. 2022,10.3390/microorganisms10122513,"Sargassum polycystum, Pterocladiella musciformis, Padina antillarum, Dictyota, Ulva",Pseudoalteromonas,undina,"cellulose, starch","Table 1, S2"
Kumar et al. 2022,10.3390/microorganisms10122513,"Sargassum polycystum, Pterocladiella musciformis, Padina antillarum, Dictyota, Ulva",Kocuria,indica,"cellulose, xylan, pectin, starch","Table 1, S2"
Kumar et al. 2022,10.3390/microorganisms10122513,"Sargassum polycystum, Pterocladiella musciformis, Padina antillarum, Dictyota, Ulva",Bacillus,coreansis,"cellulose, pectin, starch","Table 1, S2"
Kumar et al. 2022,10.3390/microorganisms10122513,"Sargassum polycystum, Pterocladiella musciformis, Padina antillarum, Dictyota, Ulva",Bacillus,megaterium,"cellulose, xylan, pectin, starch","Table 1, S2"
Kumar et al. 2022,10.3390/microorganisms10122513,"Sargassum polycystum, Pterocladiella musciformis, Padina antillarum, Dictyota, Ulva",Brevibacillus,nitrificans,"cellulose, xylan, pectin","Table 1, S2"
Kumar et al. 2022,10.3390/microorganisms10122513,"Sargassum polycystum, Pterocladiella musciformis, Padina antillarum, Dictyota, Ulva",Kocuria,palustris,"cellulose, xylan, pectin, starch","Table 1, S2"
Kumar et al. 2022,10.3390/microorganisms10122513,"Sargassum polycystum, Pterocladiella musciformis, Padina antillarum, Dictyota, Ulva",Moraxella,osolensis,"pectin, starch","Table 1, S2"
Kumar et al. 2022,10.3390/microorganisms10122513,"Sargassum polycystum, Pterocladiella musciformis, Padina antillarum, Dictyota, Ulva",Priestia,megaterium,"cellulose, xylan, pectin, starch","Table 1, S2"
Kumar et al. 2022,10.3390/microorganisms10122513,"Sargassum polycystum, Pterocladiella musciformis, Padina antillarum, Dictyota, Ulva",Bacillus,pseudomycoides,"cellulose, xylan, pectin, starch","Table 1, S2"
Kumar et al. 2022,10.3390/microorganisms10122513,"Sargassum polycystum, Pterocladiella musciformis, Padina antillarum, Dictyota, Ulva",Cellulomonas,fimi,"cellulose, xylan, pectin, starch","Table 1, S2"
Kumar et al. 2022,10.3390/microorganisms10122513,"Sargassum polycystum, Pterocladiella musciformis, Padina antillarum, Dictyota, Ulva",Bacillus,pseudomycoides,"xylan, pectin, starch","Table 1, S2"
Kumar et al. 2022,10.3390/microorganisms10122513,"Sargassum polycystum, Pterocladiella musciformis, Padina antillarum, Dictyota, Ulva",Microbacterium,hydrothermale,cellulose,"Table 1, S2"
Kumar et al. 2022,10.3390/microorganisms10122513,"Sargassum polycystum, Pterocladiella musciformis, Padina antillarum, Dictyota, Ulva",Staphylococcus,epidermidis,"cellulose, pectin","Table 1, S2"
Kumar et al. 2022,10.3390/microorganisms10122513,"Sargassum polycystum, Pterocladiella musciformis, Padina antillarum, Dictyota, Ulva",Staphylococcus,epidermidis,"cellulose, xylan, pectin, starch","Table 1, S2"
Kumar et al. 2022,10.3390/microorganisms10122513,"Sargassum polycystum, Pterocladiella musciformis, Padina antillarum, Dictyota, Ulva",Pseudoalteromonas,tetraodonis,"cellulose, xylan, pectin, starch","Table 1, S2"
Kumar et al. 2022,10.3390/microorganisms10122513,"Sargassum polycystum, Pterocladiella musciformis, Padina antillarum, Dictyota, Ulva",Vibrio,nereis,"cellulose, pectin, starch","Table 1, S2"
Kumar et al. 2022,10.3390/microorganisms10122513,"Sargassum polycystum, Pterocladiella musciformis, Padina antillarum, Dictyota, Ulva",Vibrio,shilonii,"cellulose, xylan, starch","Table 1, S2"
Kumar et al. 2022,10.3390/microorganisms10122513,"Sargassum polycystum, Pterocladiella musciformis, Padina antillarum, Dictyota, Ulva",Vibrio,neocaledonicus,"cellulose, xylan, pectin, starch","Table 1, S2"
Kumar et al. 2022,10.3390/microorganisms10122513,"Sargassum polycystum, Pterocladiella musciformis, Padina antillarum, Dictyota, Ulva",Priestia,megaterium,"xylan, starch","Table 1, S2"
Kumar et al. 2022,10.3390/microorganisms10122513,"Sargassum polycystum, Pterocladiella musciformis, Padina antillarum, Dictyota, Ulva",Neobacillus,drentensis,"cellulose, xylan, pectin, starch","Table 1, S2"
Kumar et al. 2022,10.3390/microorganisms10122513,"Sargassum polycystum, Pterocladiella musciformis, Padina antillarum, Dictyota, Ulva",Bacillus,pseudomycoides,"cellulose, xylan, pectin, starch","Table 1, S2"
Kumar et al. 2022,10.3390/microorganisms10122513,"Sargassum polycystum, Pterocladiella musciformis, Padina antillarum, Dictyota, Ulva",Bacillus,cereus,"cellulose, xylan, pectin, starch","Table 1, S2"
Kumar et al. 2022,10.3390/microorganisms10122513,"Sargassum polycystum, Pterocladiella musciformis, Padina antillarum, Dictyota, Ulva",Bacillus,medetierraneensis,"cellulose, xylan, pectin, starch","Table 1, S2"
Kumar et al. 2022,10.3390/microorganisms10122513,"Sargassum polycystum, Pterocladiella musciformis, Padina antillarum, Dictyota, Ulva",Priestia,aryabhattai,"cellulose, pectin, starch","Table 1, S2"
Kumar et al. 2022,10.3390/microorganisms10122513,"Sargassum polycystum, Pterocladiella musciformis, Padina antillarum, Dictyota, Ulva",Staphylococcus,epidermidis,"cellulose, xylan, starch","Table 1, S2"
Kumar et al. 2022,10.3390/microorganisms10122513,"Sargassum polycystum, Pterocladiella musciformis, Padina antillarum, Dictyota, Ulva",Microbacterium,arborescens,"cellulose, xylan, pectin","Table 1, S2"
Kumar et al. 2022,10.3390/microorganisms10122513,"Sargassum polycystum, Pterocladiella musciformis, Padina antillarum, Dictyota, Ulva",Pseudoalteromonas,tetraodonis,"cellulose, xylan, pectin","Table 1, S2"
Kumar et al. 2022,10.3390/microorganisms10122513,"Sargassum polycystum, Pterocladiella musciformis, Padina antillarum, Dictyota, Ulva",Vibrio,jasicida,"cellulose, xylan, pectin","Table 1, S2"
Kumar et al. 2022,10.3390/microorganisms10122513,"Sargassum polycystum, Pterocladiella musciformis, Padina antillarum, Dictyota, Ulva",Vibrio,parahaemolyticus,"cellulose, xylan, pectin, starch","Table 1, S2"
Kumar et al. 2022,10.3390/microorganisms10122513,"Sargassum polycystum, Pterocladiella musciformis, Padina antillarum, Dictyota, Ulva",Pseudoalteromonas,tetraodonis,"cellulose, pectin, starch","Table 1, S2"
Kumar et al. 2022,10.3390/microorganisms10122513,"Sargassum polycystum, Pterocladiella musciformis, Padina antillarum, Dictyota, Ulva",Shewanella,fidelis,"cellulose, xylan, pectin","Table 1, S2"
Kumar et al. 2022,10.3390/microorganisms10122513,"Sargassum polycystum, Pterocladiella musciformis, Padina antillarum, Dictyota, Ulva",Pseudoalteromonas,undina,"cellulose, pectin, starch","Table 1, S2"
Kumar et al. 2022,10.3390/microorganisms10122513,"Sargassum polycystum, Pterocladiella musciformis, Padina antillarum, Dictyota, Ulva",Shewanella,fidelis,"cellulose, xylan","Table 1, S2"
Kumar et al. 2022,10.3390/microorganisms10122513,"Sargassum polycystum, Pterocladiella musciformis, Padina antillarum, Dictyota, Ulva",Vibrio,azureus,"cellulose, xylan, pectin","Table 1, S2"
Kumar et al. 2022,10.3390/microorganisms10122513,"Sargassum polycystum, Pterocladiella musciformis, Padina antillarum, Dictyota, Ulva",Pseudoalteromonas,undina,"cellulose, xylan, pectin","Table 1, S2"
Kumar et al. 2022,10.3390/microorganisms10122513,"Sargassum polycystum, Pterocladiella musciformis, Padina antillarum, Dictyota, Ulva",Vibrio,neocaledonicus,pectin,"Table 1, S2"
Kumar et al. 2022,10.3390/microorganisms10122513,"Sargassum polycystum, Pterocladiella musciformis, Padina antillarum, Dictyota, Ulva",Bacillus,pseudomycoides,"cellulose, xylan, pectin, starch","Table 1, S2"
Kumar et al. 2022,10.3390/microorganisms10122513,"Sargassum polycystum, Pterocladiella musciformis, Padina antillarum, Dictyota, Ulva",Priestia,aryabhattai,"cellulose, xylan, pectin, starch","Table 1, S2"
Kumar et al. 2022,10.3390/microorganisms10122513,"Sargassum polycystum, Pterocladiella musciformis, Padina antillarum, Dictyota, Ulva",Microbacterium,arborescens,cellulose,"Table 1, S2"
Kumar et al. 2022,10.3390/microorganisms10122513,"Sargassum polycystum, Pterocladiella musciformis, Padina antillarum, Dictyota, Ulva",Vibrio,neocaledonicus,"cellulose, pectin","Table 1, S2"
Kumar et al. 2022,10.3390/microorganisms10122513,"Sargassum polycystum, Pterocladiella musciformis, Padina antillarum, Dictyota, Ulva",Bacillus,pseudomycoides,"xylan, pectin","Table 1, S2"
Kumar et al. 2022,10.3390/microorganisms10122513,"Sargassum polycystum, Pterocladiella musciformis, Padina antillarum, Dictyota, Ulva",Bacillus,australimaris,"cellulose, pectin, starch","Table 1, S2"
Kumar et al. 2022,10.3390/microorganisms10122513,"Sargassum polycystum, Pterocladiella musciformis, Padina antillarum, Dictyota, Ulva",Pseudoalteromonas,undina,"cellulose, xylan, pectin, starch","Table 1, S2"
Kumar et al. 2022,10.3390/microorganisms10122513,"Sargassum polycystum, Pterocladiella musciformis, Padina antillarum, Dictyota, Ulva",Bacillus,cereus,"cellulose, pectin, starch","Table 1, S2"
Kumar et al. 2022,10.3390/microorganisms10122513,"Sargassum polycystum, Pterocladiella musciformis, Padina antillarum, Dictyota, Ulva",Staphylococcus,epidermidis,"cellulose, xylan, pectin","Table 1, S2"
Kumar et al. 2022,10.3390/microorganisms10122513,"Sargassum polycystum, Pterocladiella musciformis, Padina antillarum, Dictyota, Ulva",Microbacterium,enclense,"cellulose, xylan","Table 1, S2"
Kumar et al. 2022,10.3390/microorganisms10122513,"Sargassum polycystum, Pterocladiella musciformis, Padina antillarum, Dictyota, Ulva",Pseudoalteromonas,issachenkonii,"cellulose, xylan, pectin","Table 1, S2"
Kumar et al. 2022,10.3390/microorganisms10122513,"Sargassum polycystum, Pterocladiella musciformis, Padina antillarum, Dictyota, Ulva",Bacillus,cereus,"cellulose, pectin, starch","Table 1, S2"
Kumar et al. 2022,10.3390/microorganisms10122513,"Sargassum polycystum, Pterocladiella musciformis, Padina antillarum, Dictyota, Ulva",Bacillus,pseudomycoides,"xylan, pectin, starch","Table 1, S2"
Kumar et al. 2022,10.3390/microorganisms10122513,"Sargassum polycystum, Pterocladiella musciformis, Padina antillarum, Dictyota, Ulva",Brevibacillus,gelatini,"cellulose, pectin","Table 1, S2"
Kumar et al. 2022,10.3390/microorganisms10122513,"Sargassum polycystum, Pterocladiella musciformis, Padina antillarum, Dictyota, Ulva",Alteromonas,australica,"cellulose, xylan","Table 1, S2"
Kumar et al. 2022,10.3390/microorganisms10122513,"Sargassum polycystum, Pterocladiella musciformis, Padina antillarum, Dictyota, Ulva",Microbacterium,enclense,cellulose,"Table 1, S2"
Kumar et al. 2022,10.3390/microorganisms10122513,"Sargassum polycystum, Pterocladiella musciformis, Padina antillarum, Dictyota, Ulva",Pseudoalteromonas,issachenkonii,"cellulose, xylan, pectin, starch","Table 1, S2"
Kumar et al. 2022,10.3390/microorganisms10122513,"Sargassum polycystum, Pterocladiella musciformis, Padina antillarum, Dictyota, Ulva",Vibrio,hyugaensis,"cellulose, pectin, starch","Table 1, S2"
Kumar et al. 2022,10.3390/microorganisms10122513,"Sargassum polycystum, Pterocladiella musciformis, Padina antillarum, Dictyota, Ulva",Alteromonas,fortis,"cellulose, xylan, pectin, starch","Table 1, S2"
Kumar et al. 2022,10.3390/microorganisms10122513,"Sargassum polycystum, Pterocladiella musciformis, Padina antillarum, Dictyota, Ulva",Alteromonas,macleodii,"cellulose, xylan, starch","Table 1, S2"
Kumar et al. 2022,10.3390/microorganisms10122513,"Sargassum polycystum, Pterocladiella musciformis, Padina antillarum, Dictyota, Ulva",Bacillus,canaveralius,"cellulose, starch","Table 1, S2"
Kumar et al. 2022,10.3390/microorganisms10122513,"Sargassum polycystum, Pterocladiella musciformis, Padina antillarum, Dictyota, Ulva",Pseudoalteromonas,tetraodonis,"cellulose, xylan, pectin, starch","Table 1, S2"
Kumar et al. 2022,10.3390/microorganisms10122513,"Sargassum polycystum, Pterocladiella musciformis, Padina antillarum, Dictyota, Ulva",Staphylococcus,epidermidis,"cellulose, xylan, pectin, starch","Table 1, S2"
Kumar et al. 2022,10.3390/microorganisms10122513,"Sargassum polycystum, Pterocladiella musciformis, Padina antillarum, Dictyota, Ulva",Neobacillus,drentensis,"cellulose, xylan, pectin, starch","Table 1, S2"
Kumar et al. 2022,10.3390/microorganisms10122513,"Sargassum polycystum, Pterocladiella musciformis, Padina antillarum, Dictyota, Ulva",Vibrio,neocaledonicus,"cellulose, pectin, starch","Table 1, S2"
Kumar et al. 2022,10.3390/microorganisms10122513,"Sargassum polycystum, Pterocladiella musciformis, Padina antillarum, Dictyota, Ulva",Catenococcus,thiocycli,"cellulose, xylan, pectin, starch","Table 1, S2"
Kumar et al. 2022,10.3390/microorganisms10122513,"Sargassum polycystum, Pterocladiella musciformis, Padina antillarum, Dictyota, Ulva",Vibrio,kanaloae,"cellulose, xylan, pectin, starch","Table 1, S2"
Kumar et al. 2022,10.3390/microorganisms10122513,"Sargassum polycystum, Pterocladiella musciformis, Padina antillarum, Dictyota, Ulva",Micrococcus,yunnanensis,"cellulose, starch","Table 1, S2"
Kumar et al. 2022,10.3390/microorganisms10122513,"Sargassum polycystum, Pterocladiella musciformis, Padina antillarum, Dictyota, Ulva",Vibrio,plantisponsor,xylan,"Table 1, S2"
Kumar et al. 2022,10.3390/microorganisms10122513,"Sargassum polycystum, Pterocladiella musciformis, Padina antillarum, Dictyota, Ulva",Bacillus,tequilensis,"cellulose, xylan, starch","Table 1, S2"
Kumar et al. 2022,10.3390/microorganisms10122513,"Sargassum polycystum, Pterocladiella musciformis, Padina antillarum, Dictyota, Ulva",Paenibacillus,lacus,xylan,"Table 1, S2"
Kumar et al. 2022,10.3390/microorganisms10122513,"Sargassum polycystum, Pterocladiella musciformis, Padina antillarum, Dictyota, Ulva",Streptomyces,albidoflavus,"cellulose, xylan, starch","Table 1, S2"
Kumar et al. 2022,10.3390/microorganisms10122513,"Sargassum polycystum, Pterocladiella musciformis, Padina antillarum, Dictyota, Ulva",Bacillus,cereus,"cellulose, xylan, starch","Table 1, S2"
Kumar et al. 2022,10.3390/microorganisms10122513,"Sargassum polycystum, Pterocladiella musciformis, Padina antillarum, Dictyota, Ulva",Vibrio,hyugaensis,cellulose,"Table 1, S2"
Kumar et al. 2022,10.3390/microorganisms10122513,"Sargassum polycystum, Pterocladiella musciformis, Padina antillarum, Dictyota, Ulva",Vibrio,hyugaensis,"cellulose, xylan, pectin","Table 1, S2"
Kumar et al. 2022,10.3390/microorganisms10122513,"Sargassum polycystum, Pterocladiella musciformis, Padina antillarum, Dictyota, Ulva",Vibrio,hyugaensis,"cellulose, starch","Table 1, S2"
Kumar et al. 2022,10.3390/microorganisms10122513,"Sargassum polycystum, Pterocladiella musciformis, Padina antillarum, Dictyota, Ulva",Vibrio,sonorensis,"xylan, pectin","Table 1, S2"
Kumar et al. 2022,10.3390/microorganisms10122513,"Sargassum polycystum, Pterocladiella musciformis, Padina antillarum, Dictyota, Ulva",Pseudoalteromonas,issachenkonii,"cellulose, xylan, starch","Table 1, S2"
Kumar et al. 2022,10.3390/microorganisms10122513,"Sargassum polycystum, Pterocladiella musciformis, Padina antillarum, Dictyota, Ulva",Vibrio,hyugaensis,xylan,"Table 1, S2"
Kumar et al. 2022,10.3390/microorganisms10122513,"Sargassum polycystum, Pterocladiella musciformis, Padina antillarum, Dictyota, Ulva",Vibrio,owensii,"cellulose, xylan, pectin, starch","Table 1, S2"
Kumar et al. 2022,10.3390/microorganisms10122513,"Sargassum polycystum, Pterocladiella musciformis, Padina antillarum, Dictyota, Ulva",Vibrio,japonicus,"cellulose, pectin, starch","Table 1, S2"
Kumar et al. 2022,10.3390/microorganisms10122513,"Sargassum polycystum, Pterocladiella musciformis, Padina antillarum, Dictyota, Ulva",Vibrio,alginolyticus,"cellulose, xylan, pectin, starch","Table 1, S2"
Martin et al. 2014,10.1007/s00253-014-5557-2,Seawater,Pseudoaltermonas,carrageenovora,carrageenan,Table 2
Martin et al. 2014,10.1007/s00253-014-5557-2,Decayed seaweed,Pseudoalteromonas,porphyrae,carrageenan,Table 2
Martin et al. 2014,10.1007/s00253-014-5557-2,Delesseria sanguinea,Zobellia,galactanivorans,carrageenan,Table 2
Martin et al. 2014,10.1007/s00253-014-5557-2,Decayed seaweed,Zobellia,NA,carrageenan,Table 2
Martin et al. 2014,10.1007/s00253-014-5557-2,Seawater,Alteromonas,fortis,carrageenan,Table 2
Martin et al. 2014,10.1007/s00253-014-5557-2,Delesseria sanguinea,Zobellia,galactanivorans,carrageenan,Table 2
Martin et al. 2014,10.1007/s00253-014-5557-2,Grateloupia livida,Cellulophaga,NA,carrageenan,Table 2
Martin et al. 2014,10.1007/s00253-014-5557-2,Seawater,Pseudoaltermonas,carrageenovora,carrageenan,Table 2
Martin et al. 2014,10.1007/s00253-014-5557-2,Sediment,Pseudoalteromonas,NA,carrageenan,Table 2
Martin et al. 2014,10.1007/s00253-014-5557-2,Seawater,Alteromonas,agarlytica,agar,Table 2
Martin et al. 2014,10.1007/s00253-014-5557-2,Sediment,Thalassomonas,agarivorans,agar,Table 2
Martin et al. 2014,10.1007/s00253-014-5557-2,Delesseria sanguinea,Zobellia,galactanivorans,agar,Table 2
Martin et al. 2014,10.1007/s00253-014-5557-2,Gracilaria gracilis,Pseudoalteromonas,gracilis,agar,Table 2
Martin et al. 2014,10.1007/s00253-014-5557-2,Chondrus crispus,Pseudoalteromonas,NA,agar,Table 2
Martin et al. 2014,10.1007/s00253-014-5557-2,Gracilaria tenuistipitata,Flammeovirga,yaeyamensis,agar,Table 2
Martin et al. 2014,10.1007/s00253-014-5557-2,Sargassum serratifolium,Alteromonas,NA,agar,Table 2
Martin et al. 2014,10.1007/s00253-014-5557-2,Sporobolus alterniflorus,Saccharophagus,degradans,agar,Table 2
Martin et al. 2014,10.1007/s00253-014-5557-2,Palmaria palmata,Pseudoalteromonas,atlantica,agar,Table 2
Martin et al. 2014,10.1007/s00253-014-5557-2,Seawater,Vibrio,NA,agar,Table 2
Martin et al. 2014,10.1007/s00253-014-5557-2,Seawater,Pseudoalteromonas,NA,agar,Table 2
Martin et al. 2014,10.1007/s00253-014-5557-2,Delesseria sanguinea,Zobellia,galactanivorans,porphyran,Table 2
Martin et al. 2014,10.1007/s00253-014-5557-2,Human gut,Bacteroides,plebeius,porphyran,Table 2
Martin et al. 2014,10.1007/s00253-014-5557-2,Delesseria sanguinea,Zobellia,galactanivorans,galactose,Table 2
Martin et al. 2014,10.1007/s00253-014-5557-2,Sporobolus alterniflorus,Saccharophagus,degradans,galactose,Table 2
Martin et al. 2014,10.1007/s00253-014-5557-2,Human gut,Bacteroides,plebeius,galactose,Table 2
Martin et al. 2014,10.1007/s00253-014-5557-2,Delesseria sanguinea,Zobellia,galactanivorans,laminaran,Table 2
Martin et al. 2014,10.1007/s00253-014-5557-2,Alginate factory,Marineflexile,fucanivorans,fucoidan,Table 2
Martin et al. 2014,10.1007/s00253-014-5557-2,Delesseria sanguinea,Zobellia,galactanivorans,alginate,Table 2
Martin et al. 2014,10.1007/s00253-014-5557-2,Sargassum fluitans,Photobacterium,NA,alginate,Table 2
Martin et al. 2014,10.1007/s00253-014-5557-2,Chlorophyta,Streptomyces,NA,alginate,Table 2
Martin et al. 2014,10.1007/s00253-014-5557-2,Laminaria,Vibrio,NA,alginate,Table 2
Martin et al. 2014,10.1007/s00253-014-5557-2,Laminaria,Pseudoalteromonas,elyakovii,alginate,Table 2
Martin et al. 2014,10.1007/s00253-014-5557-2,Decayed kelp,Pseudoalteromonas,NA,alginate,Table 2
Martin et al. 2014,10.1007/s00253-014-5557-2,Ulva transformed by Aplysia punctata,Persicivirga,ulvanivorans,ulvan,Table 2
Xu et al. 2021,10.1128/aem.00368-21,"Seawater, ascidian",Pseudoalteromonas,agarivorans,alginate,Table 1
Xu et al. 2021,10.1128/aem.00368-21,Sponge,Pseudoalteromonas,distincta,alginate,Table 1
Xu et al. 2021,10.1128/aem.00368-21,"Mussel, wounded Laminaria",Pseudoalteromonas,elyakovii,alginate,Table 1
Xu et al. 2021,10.1128/aem.00368-21,Seaweed,Pseudoalteromonas,atlantica,alginate,Table 1
Xu et al. 2021,10.1128/aem.00368-21,Seaweed,Pseudoalteromonas,carrageenovora,alginate,Table 1
Xu et al. 2021,10.1128/aem.00368-21,Seawater,Pseudoalteromonas,espejiana,alginate,Table 1
Xu et al. 2021,10.1128/aem.00368-21,Seawater,Pseudoalteromonas,aliena,alginate,Table 1
Xu et al. 2021,10.1128/aem.00368-21,Seawater,Pseudoalteromonas,citrea,alginate,Table 1
Xu et al. 2021,10.1128/aem.00368-21,Seawater,Pseudoalteromonas,denitrificans,alginate,Table 1
Xu et al. 2021,10.1128/aem.00368-21,Sponge,Pseudoalteromonas,maricaloris,alginate,Table 1
Xu et al. 2021,10.1128/aem.00368-21,Heterokontophyta,Pseudoalteromonas,issachenkonii,alginate,Table 1
Xu et al. 2021,10.1128/aem.00368-21,Sediment,Pseudoalteromonas,marina,alginate,Table 1
Xu et al. 2021,10.1128/aem.00368-21,Diatom,Pseudoalteromonas,mariniglutinosa,alginate,Table 1
Xu et al. 2021,10.1128/aem.00368-21,Mussel,Pseudoalteromonas,ruthenica,alginate,Table 1
Xu et al. 2021,10.1128/aem.00368-21,Seawater,Pseudoalteromonas,translucida,alginate,Table 1
Xu et al. 2021,10.1128/aem.00368-21,Seawater,Pseudoalteromonas,peptidolytica,alginate,Table 1
Cha et al. 2023,10.1016/j.envint.2023.108325,Seawater,Alteromonas,NA,alginate,"Figure 2b, Text"
Cha et al. 2023,10.1016/j.envint.2023.108325,Seawater,Psychrosphaera,NA,alginate,"Figure 2b, Text"
Cha et al. 2023,10.1016/j.envint.2023.108325,Seawater,Colwellia,NA,alginate,"Figure 2b, Text"
Cha et al. 2023,10.1016/j.envint.2023.108325,Seawater,Alteromonas,NA,alginate,"Figure 6, Text"
Cha et al. 2023,10.1016/j.envint.2023.108325,Seawater,Limimaricola,NA,alginate,"Figure 6, Text"
Cha et al. 2023,10.1016/j.envint.2023.108325,Seawater,Alteromonas,marina,alginate,Table S2
Cha et al. 2023,10.1016/j.envint.2023.108325,Seawater,Alteromonas,macleodii,alginate,Table S2
Cha et al. 2023,10.1016/j.envint.2023.108325,Seawater,Vibrio,fortis,alginate,Table S2
Cha et al. 2023,10.1016/j.envint.2023.108325,Seawater,Pseudoalteromonas,mariniglutinosa,alginate,Table S2
Cha et al. 2023,10.1016/j.envint.2023.108325,Seawater,Alteromonas,abrolhosensis,alginate,Table S2
Cha et al. 2023,10.1016/j.envint.2023.108325,Seawater,Shewanella,gaetbuli,alginate,Table S2
Cha et al. 2023,10.1016/j.envint.2023.108325,Seawater,Alteromonas,addita,alginate,Table S2
Cha et al. 2023,10.1016/j.envint.2023.108325,Seawater,Alteromonas,stellipolaris,alginate,Table S2
Cha et al. 2023,10.1016/j.envint.2023.108325,Seawater,Vibrio,atlanticus,alginate,Table S2
Cha et al. 2023,10.1016/j.envint.2023.108325,Seawater,Alteromonas,NA,alginate,Table S2
Cha et al. 2023,10.1016/j.envint.2023.108325,Seawater,Marinovum,algicola,alginate monomer,Table S2
Cha et al. 2023,10.1016/j.envint.2023.108325,Seawater,Pseudophaeobacter,arcticus,alginate monomer,Table S2
Cha et al. 2023,10.1016/j.envint.2023.108325,Seawater,Limimaricola,soesokkakensis,alginate monomer,Table S2
Wang et al. 2021,10.1002/jobm.202000728,Sediment,Shewanella,pacifica,"agar, alginate, carrageenan",Text
Barbato et al. 2022,10.1186/s13568-022-01440-8,Asparagopsis taxiformis,Bacillus,salacetis,"starch, pectin, alginate, agar",Table S2
Barbato et al. 2022,10.1186/s13568-022-01440-8,Asparagopsis taxiformis,Bacillus,algicola,"pectin, alginate, agar",Table S2
Barbato et al. 2022,10.1186/s13568-022-01440-8,Asparagopsis taxiformis,Bacillus,berkeleyi,"alginate, agar",Table S2
Barbato et al. 2022,10.1186/s13568-022-01440-8,Asparagopsis taxiformis,Halobacillus,halophilus,"starch, pectin, alginate, agar",Table S2
Barbato et al. 2022,10.1186/s13568-022-01440-8,Asparagopsis taxiformis,Bacillus,abyssalis,"pectin, alginate",Table S2
Barbato et al. 2022,10.1186/s13568-022-01440-8,Asparagopsis taxiformis,Bacillus,vietnamensis,"starch, pectin, alginate, agar",Table S2
Barbato et al. 2022,10.1186/s13568-022-01440-8,Asparagopsis taxiformis,Bacillus,algicola,"starch, pectin, alginate, agar",Table S2
Barbato et al. 2022,10.1186/s13568-022-01440-8,Asparagopsis taxiformis,Bacillus,licheniformis,"starch, pectin, alginate, agar",Table S2
Barbato et al. 2022,10.1186/s13568-022-01440-8,Asparagopsis taxiformis,Bacillus,megaterium,"starch, pectin, alginate, agar",Table S2
Barbato et al. 2022,10.1186/s13568-022-01440-8,Asparagopsis taxiformis,Bacillus,algicola,"starch, pectin, alginate, agar",Table S2
Barbato et al. 2022,10.1186/s13568-022-01440-8,Asparagopsis taxiformis,Halobacillus,halophilus,"pectin, alginate, agar",Table S2
Barbato et al. 2022,10.1186/s13568-022-01440-8,Asparagopsis taxiformis,Bacillus,hwajinpoensis,"starch, pectin, alginate, agar",Table S2
Barbato et al. 2022,10.1186/s13568-022-01440-8,Asparagopsis taxiformis,Bacillus,hwajinpoensis,"pectin, alginate, agar",Table S2
Barbato et al. 2022,10.1186/s13568-022-01440-8,Asparagopsis taxiformis,Bacillus,hwajinpoensis,"pectin, alginate, agar",Table S2
Barbato et al. 2022,10.1186/s13568-022-01440-8,Asparagopsis taxiformis,Bacillus,hwajinpoensis,"pectin, alginate, agar",Table S2
Barbato et al. 2022,10.1186/s13568-022-01440-8,Asparagopsis taxiformis,Bacillus,hwajinpoensis,"pectin, alginate, agar",Table S2
Barbato et al. 2022,10.1186/s13568-022-01440-8,Asparagopsis taxiformis,Bacillus,hwajinpoensis,"starch, pectin, alginate, agar",Table S2
Barbato et al. 2022,10.1186/s13568-022-01440-8,Asparagopsis taxiformis,Bacillus,hwajinpoensis,"pectin, alginate, agar",Table S2
Barbato et al. 2022,10.1186/s13568-022-01440-8,Asparagopsis taxiformis,Bacillus,hwajinpoensis,"starch, pectin, alginate, agar",Table S2
Barbato et al. 2022,10.1186/s13568-022-01440-8,Asparagopsis taxiformis,Bacillus,hwajinpoensis,"pectin, alginate, agar",Table S2
Barbato et al. 2022,10.1186/s13568-022-01440-8,Asparagopsis taxiformis,Fictibacillus,phosphorivorans,"starch, pectin, alginate, agar",Table S2
Barbato et al. 2022,10.1186/s13568-022-01440-8,Asparagopsis taxiformis,Bacillus,hwajinpoensis,"pectin, alginate, agar",Table S2
Barbato et al. 2022,10.1186/s13568-022-01440-8,Asparagopsis taxiformis,Bacillus,thuringiensis,"starch, pectin, alginate, agar",Table S2
Barbato et al. 2022,10.1186/s13568-022-01440-8,Asparagopsis taxiformis,Bacillus,hwajinpoensis,"pectin, alginate, agar",Table S2
Barbato et al. 2022,10.1186/s13568-022-01440-8,Asparagopsis taxiformis,Bacillus,algicola,"starch, pectin, alginate, agar",Table S2
Barbato et al. 2022,10.1186/s13568-022-01440-8,Asparagopsis taxiformis,Bacillus,hwajinpoensis,"pectin, alginate, agar",Table S2
Barbato et al. 2022,10.1186/s13568-022-01440-8,Asparagopsis taxiformis,Bacillus,hwajinpoensis,"starch, pectin, alginate, agar",Table S2
Barbato et al. 2022,10.1186/s13568-022-01440-8,Asparagopsis taxiformis,Bacillus,hwajinpoensis,"pectin, alginate, agar",Table S2
Barbato et al. 2022,10.1186/s13568-022-01440-8,Asparagopsis taxiformis,Bacillus,infantis,"starch, pectin, alginate, agar",Table S2
Barbato et al. 2022,10.1186/s13568-022-01440-8,Asparagopsis taxiformis,Bacillus,hwajinpoensis,"pectin, alginate, agar",Table S2
Barbato et al. 2022,10.1186/s13568-022-01440-8,Asparagopsis taxiformis,Bacillus,hwajinpoensis,"pectin, alginate, agar",Table S2
Barbato et al. 2022,10.1186/s13568-022-01440-8,Asparagopsis taxiformis,Fictibacillus,nanhaiensis,"pectin, alginate, agar",Table S2
Barbato et al. 2022,10.1186/s13568-022-01440-8,Asparagopsis taxiformis,Bacillus,hwajinpoensis,"pectin, alginate, agar",Table S2
Barbato et al. 2022,10.1186/s13568-022-01440-8,Asparagopsis taxiformis,Bacillus,algicola,"starch, pectin, alginate, agar",Table S2
Barbato et al. 2022,10.1186/s13568-022-01440-8,Asparagopsis taxiformis,Bacillus,hwajinpoensis,"starch, pectin, alginate, agar",Table S2
Barbato et al. 2022,10.1186/s13568-022-01440-8,Asparagopsis taxiformis,Bacillus,algicola,"starch, alginate, agar",Table S2
Barbato et al. 2022,10.1186/s13568-022-01440-8,Asparagopsis taxiformis,Bacillus,hwajinpoensis,"pectin, alginate, agar",Table S2
Barbato et al. 2022,10.1186/s13568-022-01440-8,Asparagopsis taxiformis,Bacillus,thuringiensis,"starch, pectin, alginate, agar",Table S2
Barbato et al. 2022,10.1186/s13568-022-01440-8,Asparagopsis taxiformis,Bacillus,thuringiensis,"starch, pectin, alginate, agar",Table S2
Barbato et al. 2022,10.1186/s13568-022-01440-8,Asparagopsis taxiformis,Bacillus,tequilensis,"starch, pectin, alginate, agar",Table S2
Barbato et al. 2022,10.1186/s13568-022-01440-8,Asparagopsis taxiformis,Bacillus,algicola,"pectin, alginate, agar",Table S2
Barbato et al. 2022,10.1186/s13568-022-01440-8,Asparagopsis taxiformis,Bacillus,licheniformis,"pectin, alginate, agar",Table S2
Barbato et al. 2022,10.1186/s13568-022-01440-8,Asparagopsis taxiformis,Bacillus,algicola,"starch, pectin, alginate, agar",Table S2
Barbato et al. 2022,10.1186/s13568-022-01440-8,Asparagopsis taxiformis,Fictibacillus,nanhaiensis,"starch, pectin, alginate, agar",Table S2
Barbato et al. 2022,10.1186/s13568-022-01440-8,Asparagopsis taxiformis,Bacillus,hwajinpoensis,"starch, pectin, alginate, agar",Table S2
Barbato et al. 2022,10.1186/s13568-022-01440-8,Asparagopsis taxiformis,Bacillus,thuringiensis,"starch, pectin, alginate, agar",Table S2
Barbato et al. 2022,10.1186/s13568-022-01440-8,Asparagopsis taxiformis,Bacillus,berkeleyi,"alginate, agar",Table S2
Barbato et al. 2022,10.1186/s13568-022-01440-8,Asparagopsis taxiformis,Halobacillus,halophilus,agar,Table S2
Barbato et al. 2022,10.1186/s13568-022-01440-8,Asparagopsis taxiformis,Bacillus,algicola,"starch, alginate, agar",Table S2
Barbato et al. 2022,10.1186/s13568-022-01440-8,Asparagopsis taxiformis,Bacillus,vietnamensis,"starch, alginate, agar",Table S2
Barbato et al. 2022,10.1186/s13568-022-01440-8,Asparagopsis taxiformis,Bacillus,soli,"pectin, agar",Table S2
Barbato et al. 2022,10.1186/s13568-022-01440-8,Asparagopsis taxiformis,Bacillus,algicola,"pectin, alginate, agar",Table S2
Barbato et al. 2022,10.1186/s13568-022-01440-8,Asparagopsis taxiformis,Fictibacillus,nanhaiensis,"starch, pectin, alginate, agar",Table S2
Barbato et al. 2022,10.1186/s13568-022-01440-8,Asparagopsis taxiformis,Bacillus,algicola,"alginate, agar",Table S2
Barbato et al. 2022,10.1186/s13568-022-01440-8,Asparagopsis taxiformis,Bacillus,algicola,"alginate, agar",Table S2
Barbato et al. 2022,10.1186/s13568-022-01440-8,Asparagopsis taxiformis,Bacillus,algicola,pectin,Table S2
Barbato et al. 2022,10.1186/s13568-022-01440-8,Asparagopsis taxiformis,Bacillus,algicola,"pectin, alginate, agar",Table S2
Barbato et al. 2022,10.1186/s13568-022-01440-8,Asparagopsis taxiformis,Bacillus,algicola,"alginate, agar",Table S2
Barbato et al. 2022,10.1186/s13568-022-01440-8,Asparagopsis taxiformis,Halobacillus,halophilus,"pectin, alginate, agar",Table S2
Barbato et al. 2022,10.1186/s13568-022-01440-8,Asparagopsis taxiformis,Bacillus,hwajinpoensis,"starch, pectin, alginate, agar",Table S2
Barbato et al. 2022,10.1186/s13568-022-01440-8,Asparagopsis taxiformis,Bacillus,algicola,"starch, pectin, alginate, agar",Table S2
Barbato et al. 2022,10.1186/s13568-022-01440-8,Asparagopsis taxiformis,Bacillus,vietnamensis,"starch, pectin, alginate, agar",Table S2
Barbato et al. 2022,10.1186/s13568-022-01440-8,Asparagopsis taxiformis,Bacillus,algicola,"pectin, alginate, agar",Table S2
Barbato et al. 2022,10.1186/s13568-022-01440-8,Asparagopsis taxiformis,Bacillus,algicola,"pectin, alginate, agar",Table S2
Barbato et al. 2022,10.1186/s13568-022-01440-8,Asparagopsis taxiformis,Bacillus,infantis,"starch, pectin, alginate, agar",Table S2
Barbato et al. 2022,10.1186/s13568-022-01440-8,Asparagopsis taxiformis,Bacillus,thuringiensis,"starch, pectin, alginate, agar",Table S2
Barbato et al. 2022,10.1186/s13568-022-01440-8,Asparagopsis taxiformis,Halobacillus,halophilus,agar,Table S2
Barbato et al. 2022,10.1186/s13568-022-01440-8,Asparagopsis taxiformis,Bacillus,thuringiensis,"pectin, alginate, agar",Table S2
Barbato et al. 2022,10.1186/s13568-022-01440-8,Asparagopsis taxiformis,Bacillus,algicola,agar,Table S2
Barbato et al. 2022,10.1186/s13568-022-01440-8,Asparagopsis taxiformis,Bacillus,algicola,"alginate, agar",Table S2
Barbato et al. 2022,10.1186/s13568-022-01440-8,Asparagopsis taxiformis,Bacillus,salecetis,"starch, pectin, alginate, agar",Table S2
Barbato et al. 2022,10.1186/s13568-022-01440-8,Asparagopsis taxiformis,Halobacillus,halophilus,"starch, pectin, alginate, agar",Table S2
Barbato et al. 2022,10.1186/s13568-022-01440-8,Asparagopsis taxiformis,Bacillus,algicola,"starch, pectin, alginate, agar",Table S2
Barbato et al. 2022,10.1186/s13568-022-01440-8,Asparagopsis taxiformis,Bacillus,algicola,"alginate, agar",Table S2
Barbato et al. 2022,10.1186/s13568-022-01440-8,Asparagopsis taxiformis,Halobacillus,halophilus,"pectin, alginate, agar",Table S2
Barbato et al. 2022,10.1186/s13568-022-01440-8,Asparagopsis taxiformis,Bacillus,thuringiensis,"starch, alginate, agar",Table S2
Barbato et al. 2022,10.1186/s13568-022-01440-8,Asparagopsis taxiformis,Bacillus,algicola,"pectin, alginate, agar",Table S2
Barbato et al. 2022,10.1186/s13568-022-01440-8,Asparagopsis taxiformis,Halobacillus,halophilus,"starch, pectin, alginate, agar",Table S2
Barbato et al. 2022,10.1186/s13568-022-01440-8,Asparagopsis taxiformis,Bacillus,thuringiensis,"starch, pectin, alginate, agar",Table S2
Barbato et al. 2022,10.1186/s13568-022-01440-8,Asparagopsis taxiformis,Bacillus,algicola,"alginate, agar",Table S2
Barbato et al. 2022,10.1186/s13568-022-01440-8,Asparagopsis taxiformis,Bacillus,algicola,"pectin, alginate, agar",Table S2
Barbato et al. 2022,10.1186/s13568-022-01440-8,Asparagopsis taxiformis,Bacillus,aquimaris,"starch, pectin, alginate, agar",Table S2
Barbato et al. 2022,10.1186/s13568-022-01440-8,Asparagopsis taxiformis,Bacillus,algicola,"starch, pectin, alginate, agar",Table S2
Barbato et al. 2022,10.1186/s13568-022-01440-8,Asparagopsis taxiformis,Bacillus,horikoshii,agar,Table S2
Barbato et al. 2022,10.1186/s13568-022-01440-8,Asparagopsis taxiformis,Fictibacillus,phosphorivorans,"starch, pectin, alginate, agar",Table S2
Barbato et al. 2022,10.1186/s13568-022-01440-8,Asparagopsis taxiformis,Bacillus,arbutinivorans,"pectin, alginate, agar",Table S2
Barbato et al. 2022,10.1186/s13568-022-01440-8,Asparagopsis taxiformis,Bacillus,algicola,"starch, pectin, alginate, agar",Table S2
Barbato et al. 2022,10.1186/s13568-022-01440-8,Asparagopsis taxiformis,Halobacillus,halophilus,"pectin, alginate, agar",Table S2
Barbato et al. 2022,10.1186/s13568-022-01440-8,Asparagopsis taxiformis,Bacillus,halmapalus,"starch, alginate, agar",Table S2
Barbato et al. 2022,10.1186/s13568-022-01440-8,Asparagopsis taxiformis,Bacillus,algicola,"starch, pectin, alginate, agar",Table S2
Barbato et al. 2022,10.1186/s13568-022-01440-8,Asparagopsis taxiformis,Halobacillus,halophilus,"starch, pectin, alginate, agar",Table S2
Barbato et al. 2022,10.1186/s13568-022-01440-8,Asparagopsis taxiformis,Bacillus,algicola,"pectin, alginate, agar",Table S2
Barbato et al. 2022,10.1186/s13568-022-01440-8,Asparagopsis taxiformis,Bacillus,thuringiensis,"starch, pectin, alginate, agar",Table S2
Barbato et al. 2022,10.1186/s13568-022-01440-8,Asparagopsis taxiformis,Bacillus,algicola,"pectin, alginate, agar",Table S2
Barbato et al. 2022,10.1186/s13568-022-01440-8,Asparagopsis taxiformis,Bacillus,hwajinpoensis,"pectin, alginate, agar",Table S2
Barbato et al. 2022,10.1186/s13568-022-01440-8,Halopteris scoparia,Pseudoalteromonas,lipolytica,"pectin, agar",Table S2
Barbato et al. 2022,10.1186/s13568-022-01440-8,Halopteris scoparia,Pseudoalteromonas,lipolytica,"pectin, alginate",Table S2
Barbato et al. 2022,10.1186/s13568-022-01440-8,Halopteris scoparia,Shewanella,basaltis,pectin,Table S2
Barbato et al. 2022,10.1186/s13568-022-01440-8,Halopteris scoparia,Shewanella,basaltis,"pectin, agar",Table S2
Barbato et al. 2022,10.1186/s13568-022-01440-8,Halopteris scoparia,Alteromonas,stellipolaris,"starch, pectin, alginate, agar",Table S2
Barbato et al. 2022,10.1186/s13568-022-01440-8,Halopteris scoparia,Pseudoalteromonas,shioyasakiensis,"pectin, alginate",Table S2
Barbato et al. 2022,10.1186/s13568-022-01440-8,Halopteris scoparia,Pseudoalteromonas,shioyasakiensis,pectin,Table S2
Barbato et al. 2022,10.1186/s13568-022-01440-8,Halopteris scoparia,Celeribacter,halophilus,"starch, pectin, alginate, agar",Table S2
Barbato et al. 2022,10.1186/s13568-022-01440-8,Halopteris scoparia,Shewanella,gaetbuli,pectin,Table S2
Barbato et al. 2022,10.1186/s13568-022-01440-8,Halopteris scoparia,Pseudoalteromonas,shioyasakiensis,"pectin, alginate, agar",Table S2
Barbato et al. 2022,10.1186/s13568-022-01440-8,Halopteris scoparia,Zobellia,galactanivorans,"pectin, alginate, agar",Table S2
Barbato et al. 2022,10.1186/s13568-022-01440-8,Halopteris scoparia,Alteromonas,oceani,"pectin, alginate, agar",Table S2
Barbato et al. 2022,10.1186/s13568-022-01440-8,Halopteris scoparia,Shewanella,basaltis,pectin,Table S2
Barbato et al. 2022,10.1186/s13568-022-01440-8,Halopteris scoparia,Zobellia,galactanivorans,"pectin, alginate, agar",Table S2
Barbato et al. 2022,10.1186/s13568-022-01440-8,Halopteris scoparia,Pseudoalteromonas,shioyasakiensis,"pectin, alginate",Table S2
Barbato et al. 2022,10.1186/s13568-022-01440-8,Halopteris scoparia,Maribacter,dokdonensis,agar,Table S2
Barbato et al. 2022,10.1186/s13568-022-01440-8,Halopteris scoparia,Shewanella,gaetbuli,pectin,Table S2
Barbato et al. 2022,10.1186/s13568-022-01440-8,Halopteris scoparia,Alteromonas,oceani,"pectin, alginate, agar",Table S2
Barbato et al. 2022,10.1186/s13568-022-01440-8,Halopteris scoparia,Alteromonas,oceani,"pectin, alginate, agar",Table S2
Barbato et al. 2022,10.1186/s13568-022-01440-8,Halopteris scoparia,Pseudoalteromonas,lipolytica,"pectin, alginate",Table S2
Barbato et al. 2022,10.1186/s13568-022-01440-8,Halopteris scoparia,Shewanella,basaltis,pectin,Table S2
Barbato et al. 2022,10.1186/s13568-022-01440-8,Halopteris scoparia,Pseudoalteromonas,shioyasakiensis,"pectin, alginate, agar",Table S2
Barbato et al. 2022,10.1186/s13568-022-01440-8,Halopteris scoparia,Shewanella,basaltis,"pectin, agar",Table S2
Barbato et al. 2022,10.1186/s13568-022-01440-8,Halopteris scoparia,Pseudoalteromonas,lipolytica,"pectin, agar",Table S2
Barbato et al. 2022,10.1186/s13568-022-01440-8,Halopteris scoparia,Alteromonas,mediterranea,"pectin, alginate, agar",Table S2
Barbato et al. 2022,10.1186/s13568-022-01440-8,Halopteris scoparia,Algibacter,lectus,"pectin, alginate, agar",Table S2
Barbato et al. 2022,10.1186/s13568-022-01440-8,Halopteris scoparia,Lutibacter,litoralis,"pectin, alginate",Table S2
Barbato et al. 2022,10.1186/s13568-022-01440-8,Halopteris scoparia,Lutibacter,litoralis,"pectin, alginate, agar",Table S2
Barbato et al. 2022,10.1186/s13568-022-01440-8,Halopteris scoparia,Shewanella,gaetbuli,pectin,Table S2
Barbato et al. 2022,10.1186/s13568-022-01440-8,Halopteris scoparia,Shewanella,basaltis,pectin,Table S2
Barbato et al. 2022,10.1186/s13568-022-01440-8,Halopteris scoparia,Pseudoalteromonas,lipolytica,"pectin, alginate, agar",Table S2
Barbato et al. 2022,10.1186/s13568-022-01440-8,Halopteris scoparia,Algibacter,lectus,"alginate, agar",Table S2
Barbato et al. 2022,10.1186/s13568-022-01440-8,Halopteris scoparia,Shewanella,gaetbuli,pectin,Table S2
Barbato et al. 2022,10.1186/s13568-022-01440-8,Halopteris scoparia,Celeribacter,halophilus,"alginate, agar",Table S2
Barbato et al. 2022,10.1186/s13568-022-01440-8,Halopteris scoparia,Shewanella,basaltis,pectin,Table S2
Barbato et al. 2022,10.1186/s13568-022-01440-8,Halopteris scoparia,Alteromonas,stellipolaris,"starch, pectin, alginate, agar",Table S2
Barbato et al. 2022,10.1186/s13568-022-01440-8,Halopteris scoparia,Shewanella,gaetbuli,"pectin, alginate, agar",Table S2
Barbato et al. 2022,10.1186/s13568-022-01440-8,Sphaerococcus coronopifolius,Photobacterium,swingsii,"starch, pectin, alginate, agar",Table S2
Barbato et al. 2022,10.1186/s13568-022-01440-8,Sphaerococcus coronopifolius,Vibrio,parahaemolyticus,"pectin, alginate, agar",Table S2
Barbato et al. 2022,10.1186/s13568-022-01440-8,Sphaerococcus coronopifolius,Vibrio,azureus,"starch, pectin, alginate, agar",Table S2
Barbato et al. 2022,10.1186/s13568-022-01440-8,Sphaerococcus coronopifolius,Shewanella,gaetbuli,"starch, pectin, alginate, agar",Table S2
Barbato et al. 2022,10.1186/s13568-022-01440-8,Sphaerococcus coronopifolius,Shewanella,algidipiscicola,"starch, pectin, alginate, agar",Table S2
Barbato et al. 2022,10.1186/s13568-022-01440-8,Sphaerococcus coronopifolius,Shewanella,gaetbuli,"starch, pectin, agar",Table S2
Barbato et al. 2022,10.1186/s13568-022-01440-8,Sphaerococcus coronopifolius,Shewanella,algidipiscicola,"starch, pectin, alginate, agar",Table S2
Barbato et al. 2022,10.1186/s13568-022-01440-8,Sphaerococcus coronopifolius,Shewanella,gaetbuli,"starch, pectin, alginate, agar",Table S2
Barbato et al. 2022,10.1186/s13568-022-01440-8,Sphaerococcus coronopifolius,Shewanella,algidipiscicola,"starch, pectin, alginate, agar",Table S2
Barbato et al. 2022,10.1186/s13568-022-01440-8,Sphaerococcus coronopifolius,Vibrio,sinaloensis,"starch, pectin, alginate, agar",Table S2
Barbato et al. 2022,10.1186/s13568-022-01440-8,Sphaerococcus coronopifolius,Vibrio,alfacsensis,"pectin, alginate, agar",Table S2
Barbato et al. 2022,10.1186/s13568-022-01440-8,Sphaerococcus coronopifolius,Alteromonas,NA,"pectin, alginate, agar",Table S2
Barbato et al. 2022,10.1186/s13568-022-01440-8,Sphaerococcus coronopifolius,Alteromonas,NA,"pectin, alginate, agar",Table S2
Barbato et al. 2022,10.1186/s13568-022-01440-8,Sphaerococcus coronopifolius,Alteromonas,NA,"pectin, alginate, agar",Table S2
Barbato et al. 2022,10.1186/s13568-022-01440-8,Sphaerococcus coronopifolius,Alteromonas,NA,"pectin, alginate, agar",Table S2
Barbato et al. 2022,10.1186/s13568-022-01440-8,Sphaerococcus coronopifolius,Alteromonas,NA,"pectin, alginate, agar",Table S2
Barbato et al. 2022,10.1186/s13568-022-01440-8,Sphaerococcus coronopifolius,Vibrio,alfacsensis,"starch, pectin, alginate, agar",Table S2
Barbato et al. 2022,10.1186/s13568-022-01440-8,Sphaerococcus coronopifolius,Marinobacter,hydrocarbonoclasticus,"alginate, agar",Table S2
Barbato et al. 2022,10.1186/s13568-022-01440-8,Sphaerococcus coronopifolius,Vibrio,sinaloensis,"starch, pectin, alginate, agar",Table S2
Barbato et al. 2022,10.1186/s13568-022-01440-8,Sphaerococcus coronopifolius,Lutibacter,crassostreae,"pectin, agar",Table S2
Barbato et al. 2022,10.1186/s13568-022-01440-8,Sphaerococcus coronopifolius,Vibrio,alfacsensis,"starch, pectin, alginate, agar",Table S2
Barbato et al. 2022,10.1186/s13568-022-01440-8,Sphaerococcus coronopifolius,Vibrio,jasicida,"starch, pectin, alginate, agar",Table S2
Barbato et al. 2022,10.1186/s13568-022-01440-8,Sphaerococcus coronopifolius,Celeribacter,halophilus,"pectin, alginate, agar",Table S2
Barbato et al. 2022,10.1186/s13568-022-01440-8,Sphaerococcus coronopifolius,Vibrio,harveyi,"starch, pectin, alginate, agar",Table S2
Barbato et al. 2022,10.1186/s13568-022-01440-8,Sphaerococcus coronopifolius,Lutibacter,crassostreae,"pectin, alginate, agar",Table S2
Barbato et al. 2022,10.1186/s13568-022-01440-8,Sphaerococcus coronopifolius,Vibrio,cyclitrophicus,"starch, pectin, alginate, agar",Table S2
Barbato et al. 2022,10.1186/s13568-022-01440-8,Sphaerococcus coronopifolius,Shewanella,algidipiscicola,"starch, pectin, alginate, agar",Table S2
Barbato et al. 2022,10.1186/s13568-022-01440-8,Sphaerococcus coronopifolius,Lutibacter,crassostreae,"pectin, alginate, agar",Table S2
Barbato et al. 2022,10.1186/s13568-022-01440-8,Sphaerococcus coronopifolius,Vibrio,diazotrophicus,"starch, pectin, alginate, agar",Table S2
Barbato et al. 2022,10.1186/s13568-022-01440-8,Sphaerococcus coronopifolius,Vibrio,sinaloensis,"alginate, agar",Table S2
Barbato et al. 2022,10.1186/s13568-022-01440-8,Sphaerococcus coronopifolius,Psychrobacter,psychrophilus,"pectin, alginate",Table S2
Barbato et al. 2022,10.1186/s13568-022-01440-8,Sphaerococcus coronopifolius,Photobacterium,swingsii,"starch, pectin, alginate, agar",Table S2
Barbato et al. 2022,10.1186/s13568-022-01440-8,Sphaerococcus coronopifolius,Photobacterium,swingsii,"starch, pectin, alginate, agar",Table S2
Barbato et al. 2022,10.1186/s13568-022-01440-8,Sphaerococcus coronopifolius,Shewanella,inventionis,"pectin, alginate, agar",Table S2
Barbato et al. 2022,10.1186/s13568-022-01440-8,Sphaerococcus coronopifolius,Vibrio,hyugaensis,"starch, pectin, alginate, agar",Table S2
Barbato et al. 2022,10.1186/s13568-022-01440-8,Sphaerococcus coronopifolius,Shewanella,gaetbuli,"pectin, alginate",Table S2
Barbato et al. 2022,10.1186/s13568-022-01440-8,Sphaerococcus coronopifolius,Celeribacter,halophilus,"pectin, alginate",Table S2
Barbato et al. 2022,10.1186/s13568-022-01440-8,Sphaerococcus coronopifolius,Shewanella,inventionis,agar,Table S2
Barbato et al. 2022,10.1186/s13568-022-01440-8,Sphaerococcus coronopifolius,Shewanella,gaetbuli,"pectin, alginate, agar",Table S2
Barbato et al. 2022,10.1186/s13568-022-01440-8,Sphaerococcus coronopifolius,Shewanella,algidipiscicola,"starch, pectin, alginate, agar",Table S2
Barbato et al. 2022,10.1186/s13568-022-01440-8,Sphaerococcus coronopifolius,Celeribacter,halophilus,"pectin, alginate",Table S2
Barbato et al. 2022,10.1186/s13568-022-01440-8,Sphaerococcus coronopifolius,Shewanella,gaetbuli,"pectin, alginate",Table S2
Barbato et al. 2022,10.1186/s13568-022-01440-8,Sphaerococcus coronopifolius,Vibrio,hyugaensis,"starch, pectin, alginate, agar",Table S2
Barbato et al. 2022,10.1186/s13568-022-01440-8,Sphaerococcus coronopifolius,Vibrio,hyugaensis,"starch, pectin, alginate, agar",Table S2
Barbato et al. 2022,10.1186/s13568-022-01440-8,Sphaerococcus coronopifolius,Psychrobacter,maritimus,"pectin, alginate",Table S2
Barbato et al. 2022,10.1186/s13568-022-01440-8,Sphaerococcus coronopifolius,Marinobacter,litoralis,pectin,Table S2
Barbato et al. 2022,10.1186/s13568-022-01440-8,Sphaerococcus coronopifolius,Vibrio,hyugaensis,"starch, pectin, alginate, agar",Table S2
Barbato et al. 2022,10.1186/s13568-022-01440-8,Sphaerococcus coronopifolius,Photobacterium,swingsii,"starch, pectin, alginate, agar",Table S2
Barbato et al. 2022,10.1186/s13568-022-01440-8,Sphaerococcus coronopifolius,Celeribacter,halophilus,pectin,Table S2
Barbato et al. 2022,10.1186/s13568-022-01440-8,Sphaerococcus coronopifolius,Psychrobacter,maritimus,pectin,Table S2
Barbato et al. 2022,10.1186/s13568-022-01440-8,Sphaerococcus coronopifolius,Vibrio,hyugaensis,"starch, pectin, alginate, agar",Table S2
Barbato et al. 2022,10.1186/s13568-022-01440-8,Sphaerococcus coronopifolius,Lutibacter,crassostreae,"pectin, alginate, agar",Table S2
Barbato et al. 2022,10.1186/s13568-022-01440-8,Sphaerococcus coronopifolius,Vibrio,jasicida,"starch, pectin, alginate, agar",Table S2
Barbato et al. 2022,10.1186/s13568-022-01440-8,Sphaerococcus coronopifolius,Shewanella,algidipiscicola,alginate,Table S2
Barbato et al. 2022,10.1186/s13568-022-01440-8,Sphaerococcus coronopifolius,Vibrio,parahaemolyticus,"alginate, agar",Table S2
Barbato et al. 2022,10.1186/s13568-022-01440-8,Sphaerococcus coronopifolius,Photobacterium,swingsii,"starch, pectin, alginate, agar",Table S2
Barbato et al. 2022,10.1186/s13568-022-01440-8,Sphaerococcus coronopifolius,Celeribacter,halophilus,"alginate, agar",Table S2
Barbato et al. 2022,10.1186/s13568-022-01440-8,Sphaerococcus coronopifolius,Celeribacter,halophilus,"alginate, agar",Table S2
Barbato et al. 2022,10.1186/s13568-022-01440-8,Asparagopsis taxiformis,Bacillus,algicola,"alginate, agar",Table S2
Barbato et al. 2022,10.1186/s13568-022-01440-8,Asparagopsis taxiformis,Bacillus,algicola,"alginate, agar",Table S2
Barbato et al. 2022,10.1186/s13568-022-01440-8,Asparagopsis taxiformis,Bacillus,algicola,"pectin, alginate, agar",Table S2
Barbato et al. 2022,10.1186/s13568-022-01440-8,Asparagopsis taxiformis,Bacillus,algicola,"pectin, alginate, agar",Table S2
Barbato et al. 2022,10.1186/s13568-022-01440-8,Asparagopsis taxiformis,Bacillus,algicola,"pectin, alginate, agar",Table S2
Barbato et al. 2022,10.1186/s13568-022-01440-8,Asparagopsis taxiformis,Halobacillus,locisalis,"starch, pectin, alginate, agar",Table S2
Barbato et al. 2022,10.1186/s13568-022-01440-8,Asparagopsis taxiformis,Psychrobacter,nivimaris,pectin,Table S2
Barbato et al. 2022,10.1186/s13568-022-01440-8,Asparagopsis taxiformis,Bacillus,hwajinpoensis,"starch, pectin, alginate, agar",Table S2
Barbato et al. 2022,10.1186/s13568-022-01440-8,Asparagopsis taxiformis,Bacillus,algicola,"starch, pectin, alginate, agar",Table S2
Barbato et al. 2022,10.1186/s13568-022-01440-8,Asparagopsis taxiformis,Thalassobacillus,devorans,"starch, pectin, alginate, agar",Table S2
Barbato et al. 2022,10.1186/s13568-022-01440-8,Asparagopsis taxiformis,Bacillus,algicola,"pectin, agar",Table S2
Barbato et al. 2022,10.1186/s13568-022-01440-8,Asparagopsis taxiformis,Fictibacillus,phosphorivorans,"starch, pectin, alginate, agar",Table S2
Barbato et al. 2022,10.1186/s13568-022-01440-8,Asparagopsis taxiformis,Bacillus,algicola,"starch, pectin, agar",Table S2
Barbato et al. 2022,10.1186/s13568-022-01440-8,Asparagopsis taxiformis,Bacillus,hwajinpoensis,"starch, pectin, alginate, agar",Table S2
Barbato et al. 2022,10.1186/s13568-022-01440-8,Asparagopsis taxiformis,Bacillus,hwajinpoensis,"starch, pectin, alginate, agar",Table S2
Barbato et al. 2022,10.1186/s13568-022-01440-8,Asparagopsis taxiformis,Bacillus,hwajinpoensis,"starch, pectin, alginate, agar",Table S2
Barbato et al. 2022,10.1186/s13568-022-01440-8,Asparagopsis taxiformis,Bacillus,hwajinpoensis,"starch, pectin, alginate, agar",Table S2
Barbato et al. 2022,10.1186/s13568-022-01440-8,Asparagopsis taxiformis,Bacillus,hwajinpoensis,"starch, pectin, alginate, agar",Table S2
Barbato et al. 2022,10.1186/s13568-022-01440-8,Asparagopsis taxiformis,Bacillus,hemicentroti,"starch, pectin, alginate, agar",Table S2
Barbato et al. 2022,10.1186/s13568-022-01440-8,Asparagopsis taxiformis,Bacillus,algicola,"pectin, agar",Table S2
Barbato et al. 2022,10.1186/s13568-022-01440-8,Asparagopsis taxiformis,Bacillus,algicola,"starch, pectin, alginate, agar",Table S2
Barbato et al. 2022,10.1186/s13568-022-01440-8,Asparagopsis taxiformis,Bacillus,berkeleyi,"starch, pectin, alginate, agar",Table S2
Barbato et al. 2022,10.1186/s13568-022-01440-8,Asparagopsis taxiformis,Bacillus,hwajinpoensis,"starch, pectin, alginate, agar",Table S2
Barbato et al. 2022,10.1186/s13568-022-01440-8,Asparagopsis taxiformis,Halobacillus,trueperi,"starch, pectin, alginate, agar",Table S2
Barbato et al. 2022,10.1186/s13568-022-01440-8,Asparagopsis taxiformis,Bacillus,hwajinpoensis,"starch, pectin, alginate, agar",Table S2
Barbato et al. 2022,10.1186/s13568-022-01440-8,Asparagopsis taxiformis,Halobacillus,trueperi,agar,Table S2
Barbato et al. 2022,10.1186/s13568-022-01440-8,Asparagopsis taxiformis,Bacillus,vietnamensis,"starch, pectin, alginate, agar",Table S2
Barbato et al. 2022,10.1186/s13568-022-01440-8,Asparagopsis taxiformis,Bacillus,hwajinpoensis,"starch, pectin, alginate, agar",Table S2
Barbato et al. 2022,10.1186/s13568-022-01440-8,Asparagopsis taxiformis,Bacillus,hwajinpoensis,"starch, pectin, alginate, agar",Table S2
Barbato et al. 2022,10.1186/s13568-022-01440-8,Asparagopsis taxiformis,Bacillus,algicola,"alginate, agar",Table S2
Barbato et al. 2022,10.1186/s13568-022-01440-8,Asparagopsis taxiformis,Bacillus,hwajinpoensis,"starch, pectin, alginate, agar",Table S2
Barbato et al. 2022,10.1186/s13568-022-01440-8,Asparagopsis taxiformis,Bacillus,thuringiensis,"starch, pectin, alginate, agar",Table S2
Barbato et al. 2022,10.1186/s13568-022-01440-8,Asparagopsis taxiformis,Bacillus,salacetis,"pectin, alginate, agar",Table S2
Barbato et al. 2022,10.1186/s13568-022-01440-8,Asparagopsis taxiformis,Bacillus,hwajinpoensis,"pectin, alginate, agar",Table S2
Barbato et al. 2022,10.1186/s13568-022-01440-8,Asparagopsis taxiformis,Bacillus,algicola,"alginate, agar",Table S2
Barbato et al. 2022,10.1186/s13568-022-01440-8,Asparagopsis taxiformis,Bacillus,vietnamensis,"starch, pectin, alginate, agar",Table S2
Barbato et al. 2022,10.1186/s13568-022-01440-8,Asparagopsis taxiformis,Bacillus,thuringiensis,"starch, pectin, alginate, agar",Table S2
Barbato et al. 2022,10.1186/s13568-022-01440-8,Asparagopsis taxiformis,Halobacillus,trueperi,"starch, pectin, alginate, agar",Table S2
Barbato et al. 2022,10.1186/s13568-022-01440-8,Asparagopsis taxiformis,Bacillus,algicola,"pectin, alginate, agar",Table S2
Barbato et al. 2022,10.1186/s13568-022-01440-8,Asparagopsis taxiformis,Bacillus,algicola,"pectin, alginate, agar",Table S2
Barbato et al. 2022,10.1186/s13568-022-01440-8,Asparagopsis taxiformis,Bacillus,thuringiensis,"starch, alginate, agar",Table S2
Barbato et al. 2022,10.1186/s13568-022-01440-8,Asparagopsis taxiformis,Bacillus,algicola,"pectin, alginate, agar",Table S2
Barbato et al. 2022,10.1186/s13568-022-01440-8,Asparagopsis taxiformis,Bacillus,algicola,"starch, pectin, alginate, agar",Table S2
Barbato et al. 2022,10.1186/s13568-022-01440-8,Asparagopsis taxiformis,Halobacillus,trueperi,"pectin, alginate, agar",Table S2
Barbato et al. 2022,10.1186/s13568-022-01440-8,Asparagopsis taxiformis,Bacillus,algicola,"starch, pectin, alginate",Table S2
Barbato et al. 2022,10.1186/s13568-022-01440-8,Asparagopsis taxiformis,Bacillus,algicola,"pectin, alginate",Table S2
Barbato et al. 2022,10.1186/s13568-022-01440-8,Asparagopsis taxiformis,Bacillus,hwajinpoensis,"starch, pectin, alginate, agar",Table S2
Barbato et al. 2022,10.1186/s13568-022-01440-8,Asparagopsis taxiformis,Bacillus,hwajinpoensis,"starch, pectin, alginate, agar",Table S2
Barbato et al. 2022,10.1186/s13568-022-01440-8,Asparagopsis taxiformis,Halobacillus,locisalis,"starch, pectin, alginate, agar",Table S2
Barbato et al. 2022,10.1186/s13568-022-01440-8,Asparagopsis taxiformis,Bacillus,aquimaris,"starch, pectin, alginate, agar",Table S2
Barbato et al. 2022,10.1186/s13568-022-01440-8,Asparagopsis taxiformis,Halobacillus,locisalis,pectin,Table S2
Barbato et al. 2022,10.1186/s13568-022-01440-8,Asparagopsis taxiformis,Bacillus,vietnamensis,"starch, pectin, alginate, agar",Table S2
Barbato et al. 2022,10.1186/s13568-022-01440-8,Asparagopsis taxiformis,Bacillus,soli,pectin,Table S2
Barbato et al. 2022,10.1186/s13568-022-01440-8,Asparagopsis taxiformis,Bacillus,hwajinpoensis,"pectin, alginate, agar",Table S2
Barbato et al. 2022,10.1186/s13568-022-01440-8,Asparagopsis taxiformis,Bacillus,algicola,"pectin, alginate, agar",Table S2
Barbato et al. 2022,10.1186/s13568-022-01440-8,Asparagopsis taxiformis,Bacillus,algicola,"pectin, alginate, agar",Table S2
Barbato et al. 2022,10.1186/s13568-022-01440-8,Asparagopsis taxiformis,Bacillus,vietnamensis,"starch, pectin, alginate, agar",Table S2
Barbato et al. 2022,10.1186/s13568-022-01440-8,Asparagopsis taxiformis,Psychrobacter,nivimaris,alginate,Table S2
Barbato et al. 2022,10.1186/s13568-022-01440-8,Asparagopsis taxiformis,Bacillus,baekryungensis,"starch, pectin, alginate, agar",Table S2
Barbato et al. 2022,10.1186/s13568-022-01440-8,Asparagopsis taxiformis,Bacillus,zhangzhouensis,"alginate, agar",Table S2
Barbato et al. 2022,10.1186/s13568-022-01440-8,Asparagopsis taxiformis,Bacillus,algicola,"starch, pectin, alginate, agar",Table S2
Barbato et al. 2022,10.1186/s13568-022-01440-8,Asparagopsis taxiformis,Halobacillus,trueperi,"pectin, alginate, agar",Table S2
Barbato et al. 2022,10.1186/s13568-022-01440-8,Asparagopsis taxiformis,Bacillus,vietnamensis,"starch, pectin, alginate, agar",Table S2
Barbato et al. 2022,10.1186/s13568-022-01440-8,Asparagopsis taxiformis,Halobacillus,locisalis,"starch, pectin, alginate, agar",Table S2
Barbato et al. 2022,10.1186/s13568-022-01440-8,Asparagopsis taxiformis,Bacillus,vietnamensis,"starch, pectin, alginate, agar",Table S2
Barbato et al. 2022,10.1186/s13568-022-01440-8,Asparagopsis taxiformis,Bacillus,algicola,"starch, pectin, alginate, agar",Table S2
Barbato et al. 2022,10.1186/s13568-022-01440-8,Asparagopsis taxiformis,Bacillus,hwajinpoensis,"pectin, alginate, agar",Table S2
Barbato et al. 2022,10.1186/s13568-022-01440-8,Asparagopsis taxiformis,Halobacillus,dabanensis,"pectin, alginate",Table S2
Barbato et al. 2022,10.1186/s13568-022-01440-8,Asparagopsis taxiformis,Bacillus,zhangzhouensis,agar,Table S2
Barbato et al. 2022,10.1186/s13568-022-01440-8,Asparagopsis taxiformis,Bacillus,selenatarsenatis,"starch, pectin, alginate, agar",Table S2
Barbato et al. 2022,10.1186/s13568-022-01440-8,Asparagopsis taxiformis,Bacillus,algicola,"starch, pectin, alginate, agar",Table S2
Barbato et al. 2022,10.1186/s13568-022-01440-8,Asparagopsis taxiformis,Bacillus,algicola,"pectin, alginate, agar",Table S2
Barbato et al. 2022,10.1186/s13568-022-01440-8,Asparagopsis taxiformis,Halobacillus,locisalis,"starch, pectin, alginate, agar",Table S2
Barbato et al. 2022,10.1186/s13568-022-01440-8,Asparagopsis taxiformis,Halobacillus,dabanensis,"starch, alginate, agar",Table S2
Barbato et al. 2022,10.1186/s13568-022-01440-8,Asparagopsis taxiformis,Halobacillus,trueperi,"starch, pectin, alginate, agar",Table S2
Barbato et al. 2022,10.1186/s13568-022-01440-8,Asparagopsis taxiformis,Bacillus,hwajinpoensis,"starch, pectin, alginate, agar",Table S2
Barbato et al. 2022,10.1186/s13568-022-01440-8,Asparagopsis taxiformis,Bacillus,hwajinpoensis,"starch, pectin, alginate, agar",Table S2
Barbato et al. 2022,10.1186/s13568-022-01440-8,Asparagopsis taxiformis,Halobacillus,locisalis,"pectin, alginate, agar",Table S2
Barbato et al. 2022,10.1186/s13568-022-01440-8,Asparagopsis taxiformis,Halobacillus,alkaliphilus,"starch, pectin, alginate, agar",Table S2
Barbato et al. 2022,10.1186/s13568-022-01440-8,Asparagopsis taxiformis,Halobacillus,locisalis,"starch, pectin, alginate, agar",Table S2
Barbato et al. 2022,10.1186/s13568-022-01440-8,Asparagopsis taxiformis,Bacillus,hwajinpoensis,"starch, pectin, alginate, agar",Table S2
Barbato et al. 2022,10.1186/s13568-022-01440-8,Asparagopsis taxiformis,Bacillus,decolorationis,agar,Table S2
Barbato et al. 2022,10.1186/s13568-022-01440-8,Asparagopsis taxiformis,Bacillus,hwajinpoensis,"starch, pectin, alginate, agar",Table S2
Barbato et al. 2022,10.1186/s13568-022-01440-8,Asparagopsis taxiformis,Bacillus,algicola,"starch, pectin, alginate, agar",Table S2
Barbato et al. 2022,10.1186/s13568-022-01440-8,Asparagopsis taxiformis,Bacillus,algicola,"starch, pectin, alginate, agar",Table S2
Barbato et al. 2022,10.1186/s13568-022-01440-8,Asparagopsis taxiformis,Bacillus,thuringiensis,"starch, pectin, alginate, agar",Table S2
Barbato et al. 2022,10.1186/s13568-022-01440-8,Asparagopsis taxiformis,Bacillus,thuringiensis,"pectin, alginate, agar",Table S2
Barbato et al. 2022,10.1186/s13568-022-01440-8,Asparagopsis taxiformis,Bacillus,salacetis,"starch, pectin, alginate, agar",Table S2
Barbato et al. 2022,10.1186/s13568-022-01440-8,Asparagopsis taxiformis,Bacillus,aquimaris,"starch, pectin, alginate, agar",Table S2
Barbato et al. 2022,10.1186/s13568-022-01440-8,Asparagopsis taxiformis,Bacillus,algicola,"pectin, alginate, agar",Table S2
Barbato et al. 2022,10.1186/s13568-022-01440-8,Asparagopsis taxiformis,Bacillus,thuringiensis,"starch, pectin, alginate, agar",Table S2
Barbato et al. 2022,10.1186/s13568-022-01440-8,Asparagopsis taxiformis,Bacillus,algicola,"starch, pectin, alginate, agar",Table S2
Barbato et al. 2022,10.1186/s13568-022-01440-8,Asparagopsis taxiformis,Bacillus,algicola,"pectin, agar",Table S2
Barbato et al. 2022,10.1186/s13568-022-01440-8,Asparagopsis taxiformis,Bacillus,algicola,"pectin, alginate, agar",Table S2
Barbato et al. 2022,10.1186/s13568-022-01440-8,Asparagopsis taxiformis,Bacillus,algicola,"pectin, alginate, agar",Table S2
Barbato et al. 2022,10.1186/s13568-022-01440-8,Asparagopsis taxiformis,Bacillus,algicola,"pectin, alginate, agar",Table S2
Barbato et al. 2022,10.1186/s13568-022-01440-8,Asparagopsis taxiformis,Bacillus,hwajinpoensis,"starch, pectin, alginate, agar",Table S2
Barbato et al. 2022,10.1186/s13568-022-01440-8,Asparagopsis taxiformis,Bacillus,algicola,"pectin, alginate, agar",Table S2
Barbato et al. 2022,10.1186/s13568-022-01440-8,Asparagopsis taxiformis,Bacillus,algicola,"pectin, alginate, agar",Table S2
Barbato et al. 2022,10.1186/s13568-022-01440-8,Asparagopsis taxiformis,Bacillus,algicola,"starch, pectin, alginate, agar",Table S2
Barbato et al. 2022,10.1186/s13568-022-01440-8,Asparagopsis taxiformis,Halobacillus,kuroshimensis,"starch, pectin, alginate, agar",Table S2
Barbato et al. 2022,10.1186/s13568-022-01440-8,Asparagopsis taxiformis,Bacillus,algicola,"pectin, alginate, agar",Table S2
Barbato et al. 2022,10.1186/s13568-022-01440-8,Asparagopsis taxiformis,Bacillus,algicola,"pectin, alginate, agar",Table S2
Barbato et al. 2022,10.1186/s13568-022-01440-8,Asparagopsis taxiformis,Bacillus,thuringiensis,"starch, pectin, alginate, agar",Table S2
Barbato et al. 2022,10.1186/s13568-022-01440-8,Asparagopsis taxiformis,Bacillus,thuringiensis,"starch, pectin, alginate, agar",Table S2
Barbato et al. 2022,10.1186/s13568-022-01440-8,Asparagopsis taxiformis,Halobacillus,halophilus,"starch, pectin, alginate, agar",Table S2
Barbato et al. 2022,10.1186/s13568-022-01440-8,Halopteris scoparia,Vibrio,parahaemolyticus,"starch, pectin, alginate, agar",Table S2
Barbato et al. 2022,10.1186/s13568-022-01440-8,Halopteris scoparia,Celeribacter,halophilus,"pectin, agar",Table S2
Barbato et al. 2022,10.1186/s13568-022-01440-8,Halopteris scoparia,Vibrio,rotiferianus,"starch, pectin, alginate, agar",Table S2
Barbato et al. 2022,10.1186/s13568-022-01440-8,Halopteris scoparia,Shewanella,gaetbuli,"starch, pectin",Table S2
Barbato et al. 2022,10.1186/s13568-022-01440-8,Halopteris scoparia,Vibrio,natriegens,"starch, pectin, alginate, agar",Table S2
Barbato et al. 2022,10.1186/s13568-022-01440-8,Halopteris scoparia,Vibrio,alginolyticus,"starch, pectin, alginate, agar",Table S2
Barbato et al. 2022,10.1186/s13568-022-01440-8,Halopteris scoparia,Vibrio,parahaemolyticus,"starch, pectin, alginate, agar",Table S2
Barbato et al. 2022,10.1186/s13568-022-01440-8,Halopteris scoparia,Pseudoalteromonas,atlantica,"starch, pectin, alginate, agar",Table S2
Barbato et al. 2022,10.1186/s13568-022-01440-8,Halopteris scoparia,Halomonas,denitrificans,"pectin, alginate, agar",Table S2
Barbato et al. 2022,10.1186/s13568-022-01440-8,Halopteris scoparia,Maribacter,stanieri,agar,Table S2
Barbato et al. 2022,10.1186/s13568-022-01440-8,Halopteris scoparia,Maribacter,stanieri,agar,Table S2
Barbato et al. 2022,10.1186/s13568-022-01440-8,Halopteris scoparia,Maribacter,stanieri,agar,Table S2
Barbato et al. 2022,10.1186/s13568-022-01440-8,Halopteris scoparia,Vibrio,alginolyticus,"starch, pectin, alginate, agar",Table S2
Barbato et al. 2022,10.1186/s13568-022-01440-8,Halopteris scoparia,Shewanella,gaetbuli,"starch, pectin, agar",Table S2
Barbato et al. 2022,10.1186/s13568-022-01440-8,Halopteris scoparia,Algibacter,wandonensis,pectin,Table S2
Barbato et al. 2022,10.1186/s13568-022-01440-8,Halopteris scoparia,Lutibacter,crassostreae,"pectin, alginate, agar",Table S2
Barbato et al. 2022,10.1186/s13568-022-01440-8,Halopteris scoparia,Lacinutrix,gracilariae,"pectin, alginate, agar",Table S2
Barbato et al. 2022,10.1186/s13568-022-01440-8,Halopteris scoparia,Lutibacter,crassostreae,"alginate, agar",Table S2
Barbato et al. 2022,10.1186/s13568-022-01440-8,Halopteris scoparia,Winogradskyella,sediminis,"starch, pectin, alginate, agar",Table S2
Barbato et al. 2022,10.1186/s13568-022-01440-8,Halopteris scoparia,Cellulophaga,lytica,"alginate, agar",Table S2
Barbato et al. 2022,10.1186/s13568-022-01440-8,Halopteris scoparia,Pseudoalteromonas,atlantica,"starch, pectin, alginate, agar",Table S2
Barbato et al. 2022,10.1186/s13568-022-01440-8,Halopteris scoparia,Pseudoalteromonas,shioyasakiensis,"pectin, agar",Table S2
Barbato et al. 2022,10.1186/s13568-022-01440-8,Halopteris scoparia,Lacinutrix,gracilariae,"alginate, agar",Table S2
Barbato et al. 2022,10.1186/s13568-022-01440-8,Halopteris scoparia,Winogradskyella,sediminis,"pectin, alginate, agar",Table S2
Barbato et al. 2022,10.1186/s13568-022-01440-8,Halopteris scoparia,Vibrio,alginolyticus,"starch, pectin, alginate, agar",Table S2
Barbato et al. 2022,10.1186/s13568-022-01440-8,Halopteris scoparia,Huaishuia,halophila,agar,Table S2
Barbato et al. 2022,10.1186/s13568-022-01440-8,Halopteris scoparia,Celeribacter,halophilus,agar,Table S2
Barbato et al. 2022,10.1186/s13568-022-01440-8,Halopteris scoparia,Celeribacter,halophilus,agar,Table S2
Barbato et al. 2022,10.1186/s13568-022-01440-8,Halopteris scoparia,Celeribacter,halophilus,agar,Table S2
Barbato et al. 2022,10.1186/s13568-022-01440-8,Halopteris scoparia,Lacinutrix,gracilariae,"starch, pectin, alginate, agar",Table S2
Barbato et al. 2022,10.1186/s13568-022-01440-8,Halopteris scoparia,Shewanella,gaetbuli,"starch, pectin, alginate",Table S2
Barbato et al. 2022,10.1186/s13568-022-01440-8,Halopteris scoparia,Celeribacter,halophilus,agar,Table S2
Barbato et al. 2022,10.1186/s13568-022-01440-8,Halopteris scoparia,Lacinutrix,gracilariae,"pectin, alginate, agar",Table S2
Barbato et al. 2022,10.1186/s13568-022-01440-8,Halopteris scoparia,Shewanella,gaetbuli,"starch, pectin, alginate, agar",Table S2
Barbato et al. 2022,10.1186/s13568-022-01440-8,Halopteris scoparia,Vibrio,alginolyticus,"starch, pectin, alginate, agar",Table S2
Barbato et al. 2022,10.1186/s13568-022-01440-8,Halopteris scoparia,Lutibacter,crassostreae,"starch, pectin, alginate, agar",Table S2
Barbato et al. 2022,10.1186/s13568-022-01440-8,Halopteris scoparia,Shewanella,gaetbuli,"starch, pectin, alginate, agar",Table S2
Barbato et al. 2022,10.1186/s13568-022-01440-8,Halopteris scoparia,Shewanella,gaetbuli,"starch, pectin, alginate, agar",Table S2
Barbato et al. 2022,10.1186/s13568-022-01440-8,Halopteris scoparia,Shewanella,gaetbuli,"starch, pectin",Table S2
Barbato et al. 2022,10.1186/s13568-022-01440-8,Halopteris scoparia,Lacinutrix,gracilariae,"starch, pectin, alginate, agar",Table S2
Barbato et al. 2022,10.1186/s13568-022-01440-8,Halopteris scoparia,Lacinutrix,gracilariae,"starch, alginate, agar",Table S2
Barbato et al. 2022,10.1186/s13568-022-01440-8,Halopteris scoparia,Lacinutrix,gracilariae,"starch, pectin, alginate, agar",Table S2
Barbato et al. 2022,10.1186/s13568-022-01440-8,Halopteris scoparia,Lacinutrix,gracilariae,"starch, pectin, alginate, agar",Table S2
Barbato et al. 2022,10.1186/s13568-022-01440-8,Halopteris scoparia,Lacinutrix,gracilariae,"starch, pectin, alginate, agar",Table S2
Barbato et al. 2022,10.1186/s13568-022-01440-8,Halopteris scoparia,Shewanella,gaetbuli,alginate,Table S2
Barbato et al. 2022,10.1186/s13568-022-01440-8,Halopteris scoparia,Shewanella,basaltis,alginate,Table S2
Barbato et al. 2022,10.1186/s13568-022-01440-8,Halopteris scoparia,Shewanella,gaetbuli,"pectin, alginate",Table S2
Barbato et al. 2022,10.1186/s13568-022-01440-8,Halopteris scoparia,Maribacter,stanieri,"pectin, alginate, agar",Table S2
Barbato et al. 2022,10.1186/s13568-022-01440-8,Halopteris scoparia,Vibrio,alginolyticus,"starch, pectin, alginate, agar",Table S2
Barbato et al. 2022,10.1186/s13568-022-01440-8,Halopteris scoparia,Shewanella,gaetbuli,"pectin, alginate, agar",Table S2
Barbato et al. 2022,10.1186/s13568-022-01440-8,Halopteris scoparia,Celeribacter,halophilus,agar,Table S2
Barbato et al. 2022,10.1186/s13568-022-01440-8,Halopteris scoparia,Shewanella,gaetbuli,"pectin, alginate, agar",Table S2
Barbato et al. 2022,10.1186/s13568-022-01440-8,Sphaerococcus coronopifolius,Vibrio,sinaloensis,"pectin, alginate, agar",Table S2
Barbato et al. 2022,10.1186/s13568-022-01440-8,Sphaerococcus coronopifolius,Photobacterium,swingsii,"starch, pectin, alginate, agar",Table S2
Barbato et al. 2022,10.1186/s13568-022-01440-8,Sphaerococcus coronopifolius,Shewanella,gaetbuli,"pectin, alginate, agar",Table S2
Barbato et al. 2022,10.1186/s13568-022-01440-8,Sphaerococcus coronopifolius,Photobacterium,swingsii,"starch, pectin, alginate, agar",Table S2
Barbato et al. 2022,10.1186/s13568-022-01440-8,Sphaerococcus coronopifolius,Photobacterium,swingsii,"starch, pectin, alginate, agar",Table S2
Barbato et al. 2022,10.1186/s13568-022-01440-8,Sphaerococcus coronopifolius,Photobacterium,swingsii,"starch, pectin, alginate, agar",Table S2
Barbato et al. 2022,10.1186/s13568-022-01440-8,Sphaerococcus coronopifolius,Shewanella,gaetbuli,"alginate, agar",Table S2
Barbato et al. 2022,10.1186/s13568-022-01440-8,Sphaerococcus coronopifolius,Photobacterium,swingsii,"starch, pectin, alginate, agar",Table S2
Barbato et al. 2022,10.1186/s13568-022-01440-8,Sphaerococcus coronopifolius,Vibrio,owensii,"starch, pectin, alginate, agar",Table S2
Barbato et al. 2022,10.1186/s13568-022-01440-8,Sphaerococcus coronopifolius,Photobacterium,swingsii,"starch, pectin, alginate, agar",Table S2
Barbato et al. 2022,10.1186/s13568-022-01440-8,Sphaerococcus coronopifolius,Vibrio,hyugaensis,"starch, pectin, alginate, agar",Table S2
Barbato et al. 2022,10.1186/s13568-022-01440-8,Sphaerococcus coronopifolius,Photobacterium,swingsii,"starch, pectin, alginate, agar",Table S2
Barbato et al. 2022,10.1186/s13568-022-01440-8,Sphaerococcus coronopifolius,Vibrio,owensii,"starch, pectin, alginate, agar",Table S2
Barbato et al. 2022,10.1186/s13568-022-01440-8,Sphaerococcus coronopifolius,Alcanivorax,venustensis,"pectin, alginate, agar",Table S2
Barbato et al. 2022,10.1186/s13568-022-01440-8,Sphaerococcus coronopifolius,Alteromonas,oceani,"pectin, alginate, agar",Table S2
Barbato et al. 2022,10.1186/s13568-022-01440-8,Sphaerococcus coronopifolius,Vibrio,owensii,"starch, pectin, alginate, agar",Table S2
Barbato et al. 2022,10.1186/s13568-022-01440-8,Sphaerococcus coronopifolius,Vibrio,hyugaensis,"starch, pectin, alginate, agar",Table S2
Barbato et al. 2022,10.1186/s13568-022-01440-8,Sphaerococcus coronopifolius,Zobellia,uliginosa,"pectin, alginate, agar",Table S2
Barbato et al. 2022,10.1186/s13568-022-01440-8,Sphaerococcus coronopifolius,Zobellia,galactanivorans,"pectin, alginate, agar",Table S2
Barbato et al. 2022,10.1186/s13568-022-01440-8,Sphaerococcus coronopifolius,Shewanella,gaetbuli,pectin,Table S2
Barbato et al. 2022,10.1186/s13568-022-01440-8,Sphaerococcus coronopifolius,Lutibacter,litoralis,"pectin, alginate, agar",Table S2
Barbato et al. 2022,10.1186/s13568-022-01440-8,Sphaerococcus coronopifolius,Lutibacter,litoralis,"pectin, alginate, agar",Table S2
Barbato et al. 2022,10.1186/s13568-022-01440-8,Sphaerococcus coronopifolius,Alteromonas,oceani,"pectin, alginate, agar",Table S2
Barbato et al. 2022,10.1186/s13568-022-01440-8,Sphaerococcus coronopifolius,Photobacterium,swingsii,"starch, pectin, alginate, agar",Table S2
Barbato et al. 2022,10.1186/s13568-022-01440-8,Sphaerococcus coronopifolius,Lutibacter,litoralis,"pectin, alginate, agar",Table S2
Barbato et al. 2022,10.1186/s13568-022-01440-8,Sphaerococcus coronopifolius,Celeribacter,halophilus,agar,Table S2
Barbato et al. 2022,10.1186/s13568-022-01440-8,Sphaerococcus coronopifolius,Psychrobacter,maritimus,agar,Table S2
Barbato et al. 2022,10.1186/s13568-022-01440-8,Sphaerococcus coronopifolius,Vibrio,jasicida,"starch, pectin, alginate, agar",Table S2
Barbato et al. 2022,10.1186/s13568-022-01440-8,Sphaerococcus coronopifolius,Vibrio,jasicida,"starch, pectin, alginate, agar",Table S2
Barbato et al. 2022,10.1186/s13568-022-01440-8,Sphaerococcus coronopifolius,Lutibacter,litoralis,"pectin, alginate, agar",Table S2
Barbato et al. 2022,10.1186/s13568-022-01440-8,Sphaerococcus coronopifolius,Vibrio,owensii,"starch, pectin, alginate, agar",Table S2
Barbato et al. 2022,10.1186/s13568-022-01440-8,Sphaerococcus coronopifolius,Lutibacter,litoralis,"pectin, alginate, agar",Table S2
Barbato et al. 2022,10.1186/s13568-022-01440-8,Sphaerococcus coronopifolius,Vibrio,jasicida,"starch, pectin, alginate, agar",Table S2
Barbato et al. 2022,10.1186/s13568-022-01440-8,Sphaerococcus coronopifolius,Lutibacter,litoralis,"pectin, alginate, agar",Table S2
Barbato et al. 2022,10.1186/s13568-022-01440-8,Sphaerococcus coronopifolius,Lutibacter,litoralis,"pectin, alginate, agar",Table S2
Barbato et al. 2022,10.1186/s13568-022-01440-8,Sphaerococcus coronopifolius,Vibrio,jasicida,"starch, pectin, alginate, agar",Table S2
Barbato et al. 2022,10.1186/s13568-022-01440-8,Sphaerococcus coronopifolius,Photobacterium,swingsii,"starch, pectin, alginate, agar",Table S2
Barbato et al. 2022,10.1186/s13568-022-01440-8,Sphaerococcus coronopifolius,Photobacterium,swingsii,"starch, pectin, alginate, agar",Table S2
Barbato et al. 2022,10.1186/s13568-022-01440-8,Sphaerococcus coronopifolius,Vibrio,jasicida,"starch, pectin, alginate, agar",Table S2
Barbato et al. 2022,10.1186/s13568-022-01440-8,Sphaerococcus coronopifolius,Photobacterium,swingsii,agar,Table S2
Barbato et al. 2022,10.1186/s13568-022-01440-8,Sphaerococcus coronopifolius,Vibrio,sinaloensis,"pectin, alginate, agar",Table S2
Barbato et al. 2022,10.1186/s13568-022-01440-8,Sphaerococcus coronopifolius,Vibrio,jasicida,"starch, pectin, alginate, agar",Table S2
Barbato et al. 2022,10.1186/s13568-022-01440-8,Sphaerococcus coronopifolius,Shewanella,algidipiscicola,agar,Table S2
Barbato et al. 2022,10.1186/s13568-022-01440-8,Sphaerococcus coronopifolius,Shewanella,gaetbuli,"pectin, alginate, agar",Table S2
Barbato et al. 2022,10.1186/s13568-022-01440-8,Sphaerococcus coronopifolius,Vibrio,cyclitrophicus,"starch, pectin, alginate, agar",Table S2
Barbato et al. 2022,10.1186/s13568-022-01440-8,Sphaerococcus coronopifolius,Celeribacter,halophilus,agar,Table S2
Barbato et al. 2022,10.1186/s13568-022-01440-8,Sphaerococcus coronopifolius,Photobacterium,swingsii,"pectin, alginate, agar",Table S2
Barbato et al. 2022,10.1186/s13568-022-01440-8,Sphaerococcus coronopifolius,Shewanella,gaetbuli,"pectin, alginate, agar",Table S2
Barbato et al. 2022,10.1186/s13568-022-01440-8,Sphaerococcus coronopifolius,Lutibacter,crassostreae,"pectin, alginate, agar",Table S2
Barbato et al. 2022,10.1186/s13568-022-01440-8,Sphaerococcus coronopifolius,Lutibacter,crassostreae,"pectin, alginate, agar",Table S2
Barbato et al. 2022,10.1186/s13568-022-01440-8,Sphaerococcus coronopifolius,Lutibacter,crassostreae,"pectin, alginate, agar",Table S2
Barbato et al. 2022,10.1186/s13568-022-01440-8,Sphaerococcus coronopifolius,Lutibacter,crassostreae,"pectin, alginate, agar",Table S2
Barbato et al. 2022,10.1186/s13568-022-01440-8,Sphaerococcus coronopifolius,Vibrio,splendidus,"starch, pectin, alginate, agar",Table S2
Barbato et al. 2022,10.1186/s13568-022-01440-8,Sphaerococcus coronopifolius,Lutibacter,crassostreae,"pectin, alginate, agar",Table S2
Barbato et al. 2022,10.1186/s13568-022-01440-8,Sphaerococcus coronopifolius,Shewanella,gaetbuli,"pectin, agar",Table S2
Barbato et al. 2022,10.1186/s13568-022-01440-8,Sphaerococcus coronopifolius,Lutibacter,crassostreae,"pectin, alginate, agar",Table S2
Barbato et al. 2022,10.1186/s13568-022-01440-8,Sphaerococcus coronopifolius,Vibrio,parahaemolyticus,"pectin, alginate, agar",Table S2
Barbato et al. 2022,10.1186/s13568-022-01440-8,Sphaerococcus coronopifolius,Shewanella,algidipiscicola,agar,Table S2
Barbato et al. 2022,10.1186/s13568-022-01440-8,Sphaerococcus coronopifolius,Shewanella,gaetbuli,"pectin, alginate, agar",Table S2
Barbato et al. 2022,10.1186/s13568-022-01440-8,Sphaerococcus coronopifolius,Shewanella,gaetbuli,"pectin, alginate, agar",Table S2
Barbato et al. 2022,10.1186/s13568-022-01440-8,Sphaerococcus coronopifolius,Shewanella,gaetbuli,"pectin, alginate, agar",Table S2
Rodrigues et al. 2017,10.15406/jabb.2017.02.00037,Fresh and decayed Ulva,Vibrio,NA,"ulvan, carrageenan, cellulose, glucose",Table 2
Rodrigues et al. 2017,10.15406/jabb.2017.02.00037,Fresh and decayed Ulva,Halomonas,NA,"ulvan, glucose",Table 2
Rodrigues et al. 2017,10.15406/jabb.2017.02.00037,Fresh and decayed Ulva,Cobetia,NA,ulvan,Table 2
Rodrigues et al. 2017,10.15406/jabb.2017.02.00037,Fresh and decayed Ulva,Psychromonas,NA,ulvan,Table 2
Rodrigues et al. 2017,10.15406/jabb.2017.02.00037,Fresh and decayed Ulva,Pseudoalteromonas,NA,"ulvan, cellulose, glucose",Table 2
Rodrigues et al. 2017,10.15406/jabb.2017.02.00037,Fresh and decayed Ulva,Zymobacter,NA,ulvan,Table 2
Rodrigues et al. 2017,10.15406/jabb.2017.02.00037,Fresh and decayed Ulva,Moritella,NA,ulvan,Table 2
Rodrigues et al. 2017,10.15406/jabb.2017.02.00037,Fresh and decayed Ulva,Photobacterium,NA,ulvan,Table 2
Rodrigues et al. 2017,10.15406/jabb.2017.02.00037,Fresh and decayed Ulva,Winogradskyella,NA,ulvan,Table 2
Rodrigues et al. 2017,10.15406/jabb.2017.02.00037,Fresh and decayed Ulva,Aliivibrio,NA,ulvan,Table 2
Sánchez Hinojosa et al. 2018,10.1007/s11274-018-2456-1,Himantothallus grandifolius,Olleya,namhaensis,agar,Table 1
Sánchez Hinojosa et al. 2018,10.1007/s11274-018-2456-1,Himantothallus grandifolius,Pseudoalteromonas,arctica,agar,Table 1
Sánchez Hinojosa et al. 2018,10.1007/s11274-018-2456-1,Himantothallus grandifolius,Lacinutrix,himadriensis,agar,Table 1
Sánchez Hinojosa et al. 2018,10.1007/s11274-018-2456-1,Himantothallus grandifolius,Winogradskyella,undariae,agar,Table 1
Sánchez Hinojosa et al. 2018,10.1007/s11274-018-2456-1,Himantothallus grandifolius,Pseudoalteromonas,nigrifaciens,agar,Table 1
Sánchez Hinojosa et al. 2018,10.1007/s11274-018-2456-1,Pantoneura plocamioides,Pseudoalteromonas,distincta,agar,Table 1
Sánchez Hinojosa et al. 2018,10.1007/s11274-018-2456-1,Pantoneura plocamioides,Pseudoalteromonas,arctica,agar,Table 1
Sánchez Hinojosa et al. 2018,10.1007/s11274-018-2456-1,Pantoneura plocamioides,Pseudoalteromonas,prydzensis,agar,Table 1
Sánchez Hinojosa et al. 2018,10.1007/s11274-018-2456-1,Pantoneura plocamioides,Cellulophaga,algicola,agar,Table 1
Sánchez Hinojosa et al. 2018,10.1007/s11274-018-2456-1,Plocamium cartilagineum,Colwellia,sediminilitoris,agar,Table 1
Sánchez Hinojosa et al. 2018,10.1007/s11274-018-2456-1,Plocamium cartilagineum,Pseudoalteromonas,distincta,agar,Table 1
Sánchez Hinojosa et al. 2018,10.1007/s11274-018-2456-1,Plocamium cartilagineum,Pseudoalteromonas,translucida,agar,Table 1
Sánchez Hinojosa et al. 2018,10.1007/s11274-018-2456-1,Plocamium cartilagineum,Paraglaciecola,psychrophila,agar,Table 1
Sánchez Hinojosa et al. 2018,10.1007/s11274-018-2456-1,Plocamium cartilagineum,Pseudoalteromonas,arctica,agar,Table 1
Alvarado & Leiva 2017,10.1007/s12223-017-0511-1,Adenocystis utricularis,Arthrobacter,flavus,agar,Table 1
Alvarado & Leiva 2017,10.1007/s12223-017-0511-1,Adenocystis utricularis,Labedella,gwakjiensis,agar,Table 1
Alvarado & Leiva 2017,10.1007/s12223-017-0511-1,Adenocystis utricularis,Zobellia,laminariae,agar,Table 1
Alvarado & Leiva 2017,10.1007/s12223-017-0511-1,Adenocystis utricularis,Micrococcus,yunnanensis,agar,Table 1
Alvarado & Leiva 2017,10.1007/s12223-017-0511-1,Adenocystis utricularis,Cellulophaga,algicola,agar,Table 1
Alvarado & Leiva 2017,10.1007/s12223-017-0511-1,Adenocystis utricularis,Micrococcus,yunnanensis,agar,Table 1
Alvarado & Leiva 2017,10.1007/s12223-017-0511-1,Adenocystis utricularis,Sanguibacter,inulinus,agar,Table 1
Alvarado & Leiva 2017,10.1007/s12223-017-0511-1,Adenocystis utricularis,Microbacterium,oxydans,agar,Table 1
Alvarado & Leiva 2017,10.1007/s12223-017-0511-1,Adenocystis utricularis,Labedella,gwakjiensis,agar,Table 1
Alvarado & Leiva 2017,10.1007/s12223-017-0511-1,Iridaea cordata,Citricoccus,zhacaiensis,agar,Table 1
Alvarado & Leiva 2017,10.1007/s12223-017-0511-1,Iridaea cordata,Algibacter,lectus,agar,Table 1
Alvarado & Leiva 2017,10.1007/s12223-017-0511-1,Iridaea cordata,Brachybacterium,paraconglomeratum,agar,Table 1
Alvarado & Leiva 2017,10.1007/s12223-017-0511-1,Iridaea cordata,Cellulophaga,algicola,agar,Table 1
Alvarado & Leiva 2017,10.1007/s12223-017-0511-1,Iridaea cordata,Salinibacterium,amurskyense,agar,Table 1
Alvarado & Leiva 2017,10.1007/s12223-017-0511-1,Monostroma hariotii,Brachybacterium,rhamnosum,agar,Table 1
Alvarado & Leiva 2017,10.1007/s12223-017-0511-1,Monostroma hariotii,Cellulophaga,algicola,agar,Table 1
Alvarado & Leiva 2017,10.1007/s12223-017-0511-1,Pantoneura plocamioides,Cellulophaga,algicola,agar,Table 1
Wang et al. 2017,10.1186/s13568-017-0361-x,"Saccharina japonica, Sargassum horneri, Sargassum siliquastrum",Bacillus,halosaccharovorans,alginate,Table 1
Wang et al. 2017,10.1186/s13568-017-0361-x,"Saccharina japonica, Sargassum horneri, Sargassum siliquastrum",Leclercia,adecarboxylata,alginate,Table 1
Wang et al. 2017,10.1186/s13568-017-0361-x,"Saccharina japonica, Sargassum horneri, Sargassum siliquastrum",Paenibacillus,odorifer,alginate,Table 1
Wang et al. 2017,10.1186/s13568-017-0361-x,"Saccharina japonica, Sargassum horneri, Sargassum siliquastrum",Paenibacillus,taichungensis,alginate,Table 1
Wang et al. 2017,10.1186/s13568-017-0361-x,"Saccharina japonica, Sargassum horneri, Sargassum siliquastrum",Paenibacillus,lautus,alginate,Table 1
Wang et al. 2017,10.1186/s13568-017-0361-x,"Saccharina japonica, Sargassum horneri, Sargassum siliquastrum",Planomicrobium,okeanokoites,alginate,Table 1
Wang et al. 2017,10.1186/s13568-017-0361-x,"Saccharina japonica, Sargassum horneri, Sargassum siliquastrum",Isoptericola,halotolerans,alginate,Table 1
Wang et al. 2017,10.1186/s13568-017-0361-x,"Saccharina japonica, Sargassum horneri, Sargassum siliquastrum",Bacillus,oceanisediminis,alginate,Table 1
Wang et al. 2017,10.1186/s13568-017-0361-x,"Saccharina japonica, Sargassum horneri, Sargassum siliquastrum",Pseudomonas,antarctica,alginate,Table 1
Wang et al. 2017,10.1186/s13568-017-0361-x,"Saccharina japonica, Sargassum horneri, Sargassum siliquastrum",Lysinibacillus,macroides,alginate,Table 1
Wang et al. 2017,10.1186/s13568-017-0361-x,"Saccharina japonica, Sargassum horneri, Sargassum siliquastrum",Sphingomonas,leidyi,alginate,Table 1
Wang et al. 2017,10.1186/s13568-017-0361-x,"Saccharina japonica, Sargassum horneri, Sargassum siliquastrum",Paenibacillus,jamilae,alginate,Table 1
Naik et al. 2019,10.1007/s40011-018-1034-5,Ulva lactuca,Vibrio,brasiliensis,agar with Sargassum,Text
Naik et al. 2019,10.1007/s40011-018-1034-5,Ulva lactuca,Bacillus,subtilis,agar with Sargassum,Text
Naik et al. 2019,10.1007/s40011-018-1034-5,Ulva lactuca,Pseudomonas,aeruginosa,agar with Sargassum,Text
Jonnadula et al. 2009,10.1007/s00284-009-9480-1,"Gracilaria corticata, Sargassum tenerrimum",Microbulbifer,elongatus,"agar, alginate, carrageenan, xylan, cellulose, chitin, Gracilaria corticata","Text, Table 2"
Uchida 1996,10.2331/fishsci.62.731,Seawater,Alteromonas,NA,"Saccharina japonica, Ulva australis",Text
Lin et al. 2018,10.3389/fmicb.2018.01914,Macrocystis pyrifera,Alteromonas,NA,alginate,Table 1
Lin et al. 2018,10.3389/fmicb.2018.01914,Macrocystis pyrifera,Cellulophaga,NA,alginate,Table 1
Lin et al. 2018,10.3389/fmicb.2018.01914,Macrocystis pyrifera,Cobetia,NA,alginate,Table 1
Lin et al. 2018,10.3389/fmicb.2018.01914,Macrocystis pyrifera,Colwellia,NA,alginate,Table 1
Lin et al. 2018,10.3389/fmicb.2018.01914,Macrocystis pyrifera,Formosa,NA,alginate,Table 1
Lin et al. 2018,10.3389/fmicb.2018.01914,Macrocystis pyrifera,Glaciecola,NA,alginate,Table 1
Lin et al. 2018,10.3389/fmicb.2018.01914,Macrocystis pyrifera,Halomonas,NA,alginate,Table 1
Lin et al. 2018,10.3389/fmicb.2018.01914,Macrocystis pyrifera,Idiomarina,NA,alginate,Table 1
Lin et al. 2018,10.3389/fmicb.2018.01914,Macrocystis pyrifera,Litoreibacter,NA,alginate,Table 1
Lin et al. 2018,10.3389/fmicb.2018.01914,Macrocystis pyrifera,Maribacter,NA,alginate,Table 1
Lin et al. 2018,10.3389/fmicb.2018.01914,Macrocystis pyrifera,Marinobacter,NA,alginate,Table 1
Lin et al. 2018,10.3389/fmicb.2018.01914,Macrocystis pyrifera,Paraglaciecola,NA,alginate,Table 1
Lin et al. 2018,10.3389/fmicb.2018.01914,Macrocystis pyrifera,Photobacterium,NA,alginate,Table 1
Lin et al. 2018,10.3389/fmicb.2018.01914,Macrocystis pyrifera,Polaribacter,NA,alginate,Table 1
Lin et al. 2018,10.3389/fmicb.2018.01914,Macrocystis pyrifera,Pseudoalteromonas,NA,alginate,Table 1
Lin et al. 2018,10.3389/fmicb.2018.01914,Macrocystis pyrifera,Pseudomonas,NA,alginate,Table 1
Lin et al. 2018,10.3389/fmicb.2018.01914,Macrocystis pyrifera,Psychrobacter,NA,alginate,Table 1
Lin et al. 2018,10.3389/fmicb.2018.01914,Macrocystis pyrifera,Psychromonas,NA,alginate,Table 1
Lin et al. 2018,10.3389/fmicb.2018.01914,Macrocystis pyrifera,Rheinheimera,NA,alginate,Table 1
Lin et al. 2018,10.3389/fmicb.2018.01914,Macrocystis pyrifera,Rhodococcus,NA,alginate,Table 1
Lin et al. 2018,10.3389/fmicb.2018.01914,Macrocystis pyrifera,Shewanella,NA,alginate,Table 1
Lin et al. 2018,10.3389/fmicb.2018.01914,Macrocystis pyrifera,Sulfitobacter,NA,alginate,Table 1
Lin et al. 2018,10.3389/fmicb.2018.01914,Macrocystis pyrifera,Tamlana,NA,alginate,Table 1
Lin et al. 2018,10.3389/fmicb.2018.01914,Macrocystis pyrifera,Vibrio,NA,alginate,Table 1
Küpper et al. 2002,10.1023/A:1020706129624,Macrocystis pyrifera,Pseudomonas,alginovora,Macrocystis pyrifera,Text
Erasmus et al. 1996,,,,,,
Kim et al. 2013,,,,,,
Wolter et al. 2021,,,,,,
Martin et al. 2016,,,,,,